,0,1,2,3,4,5,6,7,8,9,10,11,12,13,14,15,16,17,18,19,20,21,22,23,24,25,26,27,28,29,30,31,32,33,34,35,36,37,38,39,40,41,42,43,44,45,46,47,48,49,50,51,52,53,54,55,56,57,58,59,60,61,62,63
start,0.6613883,0.47204906,0.29130396,0.56902426,0.45047197,0.47586504,0.5810713,0.51083416,0.53296065,0.5129034,0.5342984,0.4318641,0.48148507,0.44251218,0.603796,0.61081,0.41716933,0.5208706,0.5112895,0.48450106,0.54765624,0.5342086,0.45498225,0.5383946,0.6414422,0.524416,0.5503652,0.41346925,0.5759578,0.63444686,0.55436563,0.5094798,0.50294876,0.48704225,0.46357247,0.5017259,0.60337824,0.497257,0.4908811,0.52741426,0.5003125,0.56490254,0.56483734,0.50238043,0.5597384,0.51913196,0.51237017,0.5100141,0.57791585,0.45905262,0.59995115,0.5167613,0.52609456,0.5587569,0.41560718,0.61650723,0.49647322,0.5012349,0.48507026,0.4378157,0.4507316,0.5406855,0.46917632,0.47651446
goal,0.59835815,0.45745668,0.36951762,0.56279445,0.40536082,0.4818217,0.56315607,0.55471945,0.478938,0.46893418,0.5060013,0.42106995,0.4594097,0.48640642,0.602018,0.6020332,0.43801,0.5043082,0.50128156,0.4867994,0.55146164,0.49988517,0.48189044,0.54219425,0.62139314,0.50637466,0.5631961,0.43111253,0.5443995,0.5844057,0.53948414,0.478737,0.55085206,0.45391634,0.45152742,0.52615106,0.5742179,0.5189911,0.452859,0.49098244,0.4818889,0.57289577,0.5697678,0.53641427,0.5102242,0.48727217,0.5021473,0.52962387,0.52925503,0.45075712,0.5722242,0.52033013,0.5152358,0.5412475,0.48742977,0.5981978,0.4940061,0.49801242,0.5128387,0.43849084,0.43647125,0.5393178,0.4827548,0.49895993
0,0.6613883,0.47204906,0.29130396,0.56902426,0.45047197,0.47586504,0.5810713,0.51083416,0.53296065,0.5129034,0.5342984,0.4318641,0.48148507,0.44251218,0.603796,0.61081,0.41716933,0.5208706,0.5112895,0.48450106,0.54765624,0.5342086,0.45498225,0.5383946,0.6414422,0.524416,0.5503652,0.41346925,0.5759578,0.63444686,0.55436563,0.5094798,0.50294876,0.48704225,0.46357247,0.5017259,0.60337824,0.497257,0.4908811,0.52741426,0.5003125,0.56490254,0.56483734,0.50238043,0.5597384,0.51913196,0.51237017,0.5100141,0.57791585,0.45905262,0.59995115,0.5167613,0.52609456,0.5587569,0.41560718,0.61650723,0.49647322,0.5012349,0.48507026,0.4378157,0.4507316,0.5406855,0.46917632,0.47651446
1,1.0,6.733857e-08,5.446725e-08,1.0,5.0803653e-08,6.3240634e-08,6.0532074e-08,7.960009e-08,1.0,1.0,0.9999999,0.9999999,1.0,1.0,8.068061e-08,6.9025056e-08,0.9999999,6.2776984e-08,1.0,0.9999999,7.125772e-08,0.9999999,1.0,1.0,7.171681e-08,0.9999999,6.473651e-08,1.0,7.853689e-08,1.0,1.0,6.216845e-08,6.162961e-08,1.0,1.0,7.185497e-08,8.021155e-08,7.600493e-08,1.0,1.0,6.2120684e-08,6.689704e-08,6.1444865e-08,7.527636e-08,0.9999999,1.0,1.0,5.7296187e-08,6.867089e-08,0.9999999,7.307219e-08,6.7554176e-08,1.0,6.559963e-08,0.9999999,7.580427e-08,1.0,6.251447e-08,6.952756e-08,6.817172e-08,1.0,1.0,1.0,7.545591e-08
2,0.6613883,0.47204906,0.29130396,0.56902426,0.45047197,0.47586504,0.5810713,0.51083416,0.53296065,0.5129034,0.5342984,0.4318641,0.48148507,0.44251218,0.603796,0.61081,0.41716933,0.5208706,0.5112895,0.48450106,0.54765624,0.5342086,0.45498225,0.5383946,0.6414422,0.524416,0.5503652,0.41346925,0.5759578,0.63444686,0.55436563,0.5094798,0.50294876,0.48704225,0.46357247,0.5017259,0.60337824,0.497257,0.4908811,0.52741426,0.5003125,0.56490254,0.56483734,0.50238043,0.5597384,0.51913196,0.51237017,0.5100141,0.57791585,0.45905262,0.59995115,0.5167613,0.52609456,0.5587569,0.41560718,0.61650723,0.49647322,0.5012349,0.48507026,0.4378157,0.4507316,0.5406855,0.46917632,0.47651446
2_0,1.0,6.733857e-08,5.446725e-08,1.0,5.0803653e-08,6.3240634e-08,6.0532074e-08,7.960009e-08,1.0,1.0,0.9999999,0.9999999,1.0,1.0,8.068061e-08,6.9025056e-08,0.9999999,6.2776984e-08,1.0,0.9999999,7.125772e-08,0.9999999,1.0,1.0,7.171681e-08,0.9999999,6.473651e-08,1.0,7.853689e-08,1.0,1.0,6.216845e-08,6.162961e-08,1.0,1.0,7.185497e-08,8.021155e-08,7.600493e-08,1.0,1.0,6.2120684e-08,6.689704e-08,6.1444865e-08,7.527636e-08,0.9999999,1.0,1.0,5.7296187e-08,6.867089e-08,0.9999999,7.307219e-08,6.7554176e-08,1.0,6.559963e-08,0.9999999,7.580427e-08,1.0,6.251447e-08,6.952756e-08,6.817172e-08,1.0,1.0,1.0,7.545591e-08
3,4.6999685e-06,0.99999607,0.99999547,4.2023726e-06,0.9999958,0.99999714,5.1108673e-06,3.977138e-06,0.9999956,3.7231507e-06,3.947238e-06,0.99999547,0.99999547,4.0562527e-06,0.99999714,4.1188837e-06,0.999995,0.9999969,3.7580317e-06,3.8801463e-06,4.3870036e-06,4.6001137e-06,0.9999964,4.5037204e-06,3.4924908e-06,4.0274167e-06,4.729067e-06,0.9999949,3.936674e-06,3.7329316e-06,4.035937e-06,0.9999962,0.999997,0.9999963,0.9999963,4.042898e-06,4.7049507e-06,3.639583e-06,0.99999547,0.9999963,4.5696947e-06,0.999997,4.4497147e-06,0.9999962,0.9999974,4.5789734e-06,4.193841e-06,0.9999964,3.999083e-06,3.8520257e-06,4.537858e-06,0.999997,0.9999968,4.1022663e-06,3.970786e-06,4.1140747e-06,4.376052e-06,0.999997,0.999997,0.9999962,0.9999956,4.6239265e-06,0.9999956,0.9999964
4,0.6613883,0.47204906,0.29130396,0.56902426,0.45047197,0.47586504,0.5810713,0.51083416,0.53296065,0.5129034,0.5342984,0.4318641,0.48148507,0.44251218,0.603796,0.61081,0.41716933,0.5208706,0.5112895,0.48450106,0.54765624,0.5342086,0.45498225,0.5383946,0.6414422,0.524416,0.5503652,0.41346925,0.5759578,0.63444686,0.55436563,0.5094798,0.50294876,0.48704225,0.46357247,0.5017259,0.60337824,0.497257,0.4908811,0.52741426,0.5003125,0.56490254,0.56483734,0.50238043,0.5597384,0.51913196,0.51237017,0.5100141,0.57791585,0.45905262,0.59995115,0.5167613,0.52609456,0.5587569,0.41560718,0.61650723,0.49647322,0.5012349,0.48507026,0.4378157,0.4507316,0.5406855,0.46917632,0.47651446
4_1,4.6999685e-06,0.99999607,0.99999547,4.2023726e-06,0.9999958,0.99999714,5.1108673e-06,3.977138e-06,0.9999956,3.7231507e-06,3.947238e-06,0.99999547,0.99999547,4.0562527e-06,0.99999714,4.1188837e-06,0.999995,0.9999969,3.7580317e-06,3.8801463e-06,4.3870036e-06,4.6001137e-06,0.9999964,4.5037204e-06,3.4924908e-06,4.0274167e-06,4.729067e-06,0.9999949,3.936674e-06,3.7329316e-06,4.035937e-06,0.9999962,0.999997,0.9999963,0.9999963,4.042898e-06,4.7049507e-06,3.639583e-06,0.99999547,0.9999963,4.5696947e-06,0.999997,4.4497147e-06,0.9999962,0.9999974,4.5789734e-06,4.193841e-06,0.9999964,3.999083e-06,3.8520257e-06,4.537858e-06,0.999997,0.9999968,4.1022663e-06,3.970786e-06,4.1140747e-06,4.376052e-06,0.999997,0.999997,0.9999962,0.9999956,4.6239265e-06,0.9999956,0.9999964
5,0.003706862,0.9970108,0.9911761,0.0034465,0.9995321,0.00031722256,0.9922202,0.9940637,0.002449467,0.006365645,0.004933589,0.9967344,0.0015429909,0.0044363467,0.004761392,0.0024727844,0.9950983,0.002384034,0.9947233,0.0066288086,0.0042463387,0.0030649141,0.000410892,0.0066520907,0.0020540555,0.9929725,0.9933763,0.99472827,0.004161011,0.001471942,0.0036163602,0.0015648915,0.0055712163,0.9971482,0.9974763,0.005198132,0.004629773,0.9950113,0.9973677,0.99940884,0.004224988,0.0046128486,0.005380779,0.99717355,0.99947864,0.9929588,0.005009759,0.006914118,0.0034675915,0.0039097397,0.0026508663,0.00026955674,0.0016563785,0.9927745,0.9943587,0.0021471393,0.99413824,0.00041199927,0.00036635023,0.0003659542,0.0021771071,0.0052430304,0.9927562,0.005985908
6,0.6613883,0.47204906,0.29130396,0.56902426,0.45047197,0.47586504,0.5810713,0.51083416,0.53296065,0.5129034,0.5342984,0.4318641,0.48148507,0.44251218,0.603796,0.61081,0.41716933,0.5208706,0.5112895,0.48450106,0.54765624,0.5342086,0.45498225,0.5383946,0.6414422,0.524416,0.5503652,0.41346925,0.5759578,0.63444686,0.55436563,0.5094798,0.50294876,0.48704225,0.46357247,0.5017259,0.60337824,0.497257,0.4908811,0.52741426,0.5003125,0.56490254,0.56483734,0.50238043,0.5597384,0.51913196,0.51237017,0.5100141,0.57791585,0.45905262,0.59995115,0.5167613,0.52609456,0.5587569,0.41560718,0.61650723,0.49647322,0.5012349,0.48507026,0.4378157,0.4507316,0.5406855,0.46917632,0.47651446
6_2,0.003706862,0.9970108,0.9911761,0.0034465,0.9995321,0.00031722256,0.9922202,0.9940637,0.002449467,0.006365645,0.004933589,0.9967344,0.0015429909,0.0044363467,0.004761392,0.0024727844,0.9950983,0.002384034,0.9947233,0.0066288086,0.0042463387,0.0030649141,0.000410892,0.0066520907,0.0020540555,0.9929725,0.9933763,0.99472827,0.004161011,0.001471942,0.0036163602,0.0015648915,0.0055712163,0.9971482,0.9974763,0.005198132,0.004629773,0.9950113,0.9973677,0.99940884,0.004224988,0.0046128486,0.005380779,0.99717355,0.99947864,0.9929588,0.005009759,0.006914118,0.0034675915,0.0039097397,0.0026508663,0.00026955674,0.0016563785,0.9927745,0.9943587,0.0021471393,0.99413824,0.00041199927,0.00036635023,0.0003659542,0.0021771071,0.0052430304,0.9927562,0.005985908
7,0.9999999,0.9999999,0.9999999,1.2420043e-07,0.9999999,1.2122503e-07,1.241957e-07,1.0813446e-07,1.0441305e-07,0.9999999,1.1604531e-07,0.9999999,1.0505208e-07,0.9999999,1.4201554e-07,1.260167e-07,0.9999999,0.9999999,0.9999999,0.9999999,0.9999999,9.620118e-08,0.9999999,1.1383954e-07,1.1530607e-07,9.941978e-08,1.039681e-07,1.0177279e-07,1.1637646e-07,1.1373331e-07,1.1162896e-07,0.9999999,1.07287214e-07,1.06229194e-07,9.691428e-08,9.672591e-08,0.9999999,0.9999999,0.9999999,0.9999999,0.9999999,1.2311325e-07,1.2943839e-07,1.3054381e-07,0.9999999,0.9999999,1.0638958e-07,1.290681e-07,1.06604695e-07,0.9999999,9.9708615e-08,1.1918978e-07,0.9999999,0.9999999,0.9999999,1.1543514e-07,0.9999999,1.2754118e-07,0.9999999,0.9999999,0.9999999,1.12115885e-07,0.9999999,1.0098849e-07
8,0.6613883,0.47204906,0.29130396,0.56902426,0.45047197,0.47586504,0.5810713,0.51083416,0.53296065,0.5129034,0.5342984,0.4318641,0.48148507,0.44251218,0.603796,0.61081,0.41716933,0.5208706,0.5112895,0.48450106,0.54765624,0.5342086,0.45498225,0.5383946,0.6414422,0.524416,0.5503652,0.41346925,0.5759578,0.63444686,0.55436563,0.5094798,0.50294876,0.48704225,0.46357247,0.5017259,0.60337824,0.497257,0.4908811,0.52741426,0.5003125,0.56490254,0.56483734,0.50238043,0.5597384,0.51913196,0.51237017,0.5100141,0.57791585,0.45905262,0.59995115,0.5167613,0.52609456,0.5587569,0.41560718,0.61650723,0.49647322,0.5012349,0.48507026,0.4378157,0.4507316,0.5406855,0.46917632,0.47651446
8_3,0.9999999,0.9999999,0.9999999,1.2420043e-07,0.9999999,1.2122503e-07,1.241957e-07,1.0813446e-07,1.0441305e-07,0.9999999,1.1604531e-07,0.9999999,1.0505208e-07,0.9999999,1.4201554e-07,1.260167e-07,0.9999999,0.9999999,0.9999999,0.9999999,0.9999999,9.620118e-08,0.9999999,1.1383954e-07,1.1530607e-07,9.941978e-08,1.039681e-07,1.0177279e-07,1.1637646e-07,1.1373331e-07,1.1162896e-07,0.9999999,1.07287214e-07,1.06229194e-07,9.691428e-08,9.672591e-08,0.9999999,0.9999999,0.9999999,0.9999999,0.9999999,1.2311325e-07,1.2943839e-07,1.3054381e-07,0.9999999,0.9999999,1.0638958e-07,1.290681e-07,1.06604695e-07,0.9999999,9.9708615e-08,1.1918978e-07,0.9999999,0.9999999,0.9999999,1.1543514e-07,0.9999999,1.2754118e-07,0.9999999,0.9999999,0.9999999,1.12115885e-07,0.9999999,1.0098849e-07
9,1.18537514e-07,0.9999999,0.9999999,1.2491041e-07,0.9999999,0.9999999,1.0076626e-07,1.0499919e-07,0.9999999,0.9999999,0.9999999,0.9999999,9.471767e-08,0.9999999,1.2017203e-07,1.0923729e-07,0.9999999,0.9999999,0.9999999,1.0853987e-07,9.492077e-08,0.9999999,0.9999999,0.9999999,1.377628e-07,0.9999999,1.0712568e-07,0.9999999,1.2449667e-07,9.2836245e-08,1.0998449e-07,1.1326861e-07,9.897817e-08,8.6335234e-08,9.038695e-08,0.9999999,1.2088019e-07,0.9999999,0.9999999,1.045691e-07,0.9999999,0.9999999,1.3282221e-07,0.9999999,0.9999999,0.9999999,1.0018902e-07,0.9999999,0.9999999,1.0260133e-07,1.09205835e-07,0.9999999,8.973301e-08,1.0958538e-07,0.9999999,1.3777554e-07,0.9999999,9.4460574e-08,9.173123e-08,0.9999999,0.9999999,0.9999999,9.9191915e-08,0.9999999
10,0.6613883,0.47204906,0.29130396,0.56902426,0.45047197,0.47586504,0.5810713,0.51083416,0.53296065,0.5129034,0.5342984,0.4318641,0.48148507,0.44251218,0.603796,0.61081,0.41716933,0.5208706,0.5112895,0.48450106,0.54765624,0.5342086,0.45498225,0.5383946,0.6414422,0.524416,0.5503652,0.41346925,0.5759578,0.63444686,0.55436563,0.5094798,0.50294876,0.48704225,0.46357247,0.5017259,0.60337824,0.497257,0.4908811,0.52741426,0.5003125,0.56490254,0.56483734,0.50238043,0.5597384,0.51913196,0.51237017,0.5100141,0.57791585,0.45905262,0.59995115,0.5167613,0.52609456,0.5587569,0.41560718,0.61650723,0.49647322,0.5012349,0.48507026,0.4378157,0.4507316,0.5406855,0.46917632,0.47651446
10_4,1.18537514e-07,0.9999999,0.9999999,1.2491041e-07,0.9999999,0.9999999,1.0076626e-07,1.0499919e-07,0.9999999,0.9999999,0.9999999,0.9999999,9.471767e-08,0.9999999,1.2017203e-07,1.0923729e-07,0.9999999,0.9999999,0.9999999,1.0853987e-07,9.492077e-08,0.9999999,0.9999999,0.9999999,1.377628e-07,0.9999999,1.0712568e-07,0.9999999,1.2449667e-07,9.2836245e-08,1.0998449e-07,1.1326861e-07,9.897817e-08,8.6335234e-08,9.038695e-08,0.9999999,1.2088019e-07,0.9999999,0.9999999,1.045691e-07,0.9999999,0.9999999,1.3282221e-07,0.9999999,0.9999999,0.9999999,1.0018902e-07,0.9999999,0.9999999,1.0260133e-07,1.09205835e-07,0.9999999,8.973301e-08,1.0958538e-07,0.9999999,1.3777554e-07,0.9999999,9.4460574e-08,9.173123e-08,0.9999999,0.9999999,0.9999999,9.9191915e-08,0.9999999
11,1.0270412e-07,0.9999999,0.9999999,1.3151814e-07,0.9999999,0.9999999,1.1503401e-07,1.0480112e-07,0.9999999,8.723704e-08,0.9999999,0.9999999,0.9999999,1.07019275e-07,1.2518123e-07,1.3520611e-07,0.9999999,9.089332e-08,9.8163525e-08,0.9999999,1.0095845e-07,0.9999999,0.9999999,1.15551444e-07,1.1791346e-07,1.0083836e-07,1.2232596e-07,8.658325e-08,0.9999999,0.9999999,9.826487e-08,0.9999999,1.2866255e-07,0.9999999,0.9999999,0.9999999,1.02993276e-07,1.1860581e-07,9.833312e-08,9.161075e-08,9.66446e-08,1.08560165e-07,1.10061926e-07,1.0225065e-07,0.9999999,0.9999999,0.9999999,0.9999999,1.1941745e-07,8.76154e-08,1.08472626e-07,9.269982e-08,9.734037e-08,0.9999999,0.9999999,1.11206056e-07,0.9999999,0.9999999,0.9999999,8.7070305e-08,0.9999999,1.1720636e-07,0.9999999,1.0881288e-07
12,0.6613883,0.47204906,0.29130396,0.56902426,0.45047197,0.47586504,0.5810713,0.51083416,0.53296065,0.5129034,0.5342984,0.4318641,0.48148507,0.44251218,0.603796,0.61081,0.41716933,0.5208706,0.5112895,0.48450106,0.54765624,0.5342086,0.45498225,0.5383946,0.6414422,0.524416,0.5503652,0.41346925,0.5759578,0.63444686,0.55436563,0.5094798,0.50294876,0.48704225,0.46357247,0.5017259,0.60337824,0.497257,0.4908811,0.52741426,0.5003125,0.56490254,0.56483734,0.50238043,0.5597384,0.51913196,0.51237017,0.5100141,0.57791585,0.45905262,0.59995115,0.5167613,0.52609456,0.5587569,0.41560718,0.61650723,0.49647322,0.5012349,0.48507026,0.4378157,0.4507316,0.5406855,0.46917632,0.47651446
12_5,1.0270412e-07,0.9999999,0.9999999,1.3151814e-07,0.9999999,0.9999999,1.1503401e-07,1.0480112e-07,0.9999999,8.723704e-08,0.9999999,0.9999999,0.9999999,1.07019275e-07,1.2518123e-07,1.3520611e-07,0.9999999,9.089332e-08,9.8163525e-08,0.9999999,1.0095845e-07,0.9999999,0.9999999,1.15551444e-07,1.1791346e-07,1.0083836e-07,1.2232596e-07,8.658325e-08,0.9999999,0.9999999,9.826487e-08,0.9999999,1.2866255e-07,0.9999999,0.9999999,0.9999999,1.02993276e-07,1.1860581e-07,9.833312e-08,9.161075e-08,9.66446e-08,1.08560165e-07,1.10061926e-07,1.0225065e-07,0.9999999,0.9999999,0.9999999,0.9999999,1.1941745e-07,8.76154e-08,1.08472626e-07,9.269982e-08,9.734037e-08,0.9999999,0.9999999,1.11206056e-07,0.9999999,0.9999999,0.9999999,8.7070305e-08,0.9999999,1.1720636e-07,0.9999999,1.0881288e-07
13,1.1903267e-07,0.9999999,0.9999999,0.9999999,0.9999999,0.9999999,1.0937698e-07,0.9999999,0.9999999,0.9999999,8.964542e-08,8.1805744e-08,0.9999999,0.9999999,0.9999999,1.0552924e-07,0.9999999,0.9999999,0.9999999,0.9999999,0.9999999,0.9999999,0.9999999,1.0739613e-07,1.2465063e-07,0.9999999,1.200205e-07,8.6438874e-08,9.5305e-08,1.297835e-07,1.16542836e-07,0.9999999,1.0516214e-07,8.710901e-08,0.9999999,1.1917397e-07,1.01840556e-07,0.9999999,9.314734e-08,0.9999999,0.9999999,1.06403185e-07,1.2993955e-07,1.0070651e-07,1.02338255e-07,0.9999999,1.02021176e-07,1.1440777e-07,1.0608018e-07,0.9999999,1.0072379e-07,8.97342e-08,1.12563605e-07,1.08081665e-07,1.047084e-07,1.3411913e-07,1.1616357e-07,0.9999999,0.9999999,0.9999999,0.9999999,1.0990669e-07,9.762466e-08,0.9999999
14,0.6613883,0.47204906,0.29130396,0.56902426,0.45047197,0.47586504,0.5810713,0.51083416,0.53296065,0.5129034,0.5342984,0.4318641,0.48148507,0.44251218,0.603796,0.61081,0.41716933,0.5208706,0.5112895,0.48450106,0.54765624,0.5342086,0.45498225,0.5383946,0.6414422,0.524416,0.5503652,0.41346925,0.5759578,0.63444686,0.55436563,0.5094798,0.50294876,0.48704225,0.46357247,0.5017259,0.60337824,0.497257,0.4908811,0.52741426,0.5003125,0.56490254,0.56483734,0.50238043,0.5597384,0.51913196,0.51237017,0.5100141,0.57791585,0.45905262,0.59995115,0.5167613,0.52609456,0.5587569,0.41560718,0.61650723,0.49647322,0.5012349,0.48507026,0.4378157,0.4507316,0.5406855,0.46917632,0.47651446
14_6,1.1903267e-07,0.9999999,0.9999999,0.9999999,0.9999999,0.9999999,1.0937698e-07,0.9999999,0.9999999,0.9999999,8.964542e-08,8.1805744e-08,0.9999999,0.9999999,0.9999999,1.0552924e-07,0.9999999,0.9999999,0.9999999,0.9999999,0.9999999,0.9999999,0.9999999,1.0739613e-07,1.2465063e-07,0.9999999,1.200205e-07,8.6438874e-08,9.5305e-08,1.297835e-07,1.16542836e-07,0.9999999,1.0516214e-07,8.710901e-08,0.9999999,1.1917397e-07,1.01840556e-07,0.9999999,9.314734e-08,0.9999999,0.9999999,1.06403185e-07,1.2993955e-07,1.0070651e-07,1.02338255e-07,0.9999999,1.02021176e-07,1.1440777e-07,1.0608018e-07,0.9999999,1.0072379e-07,8.97342e-08,1.12563605e-07,1.08081665e-07,1.047084e-07,1.3411913e-07,1.1616357e-07,0.9999999,0.9999999,0.9999999,0.9999999,1.0990669e-07,9.762466e-08,0.9999999
15,1.0,3.8435893e-08,3.032392e-08,1.0,3.6475843e-08,3.813722e-08,3.4255297e-08,4.503573e-08,1.0,1.0,1.0,1.0,1.0,1.0,5.3377207e-08,4.4606576e-08,1.0,5.1296045e-08,1.0,1.0,4.5029118e-08,1.0,1.0,1.0,4.2116817e-08,1.0,2.6477817e-08,1.0,4.8732954e-08,1.0,1.0,3.433805e-08,3.983663e-08,1.0,1.0,4.427e-08,5.0357457e-08,4.1759506e-08,1.0,1.0,4.396429e-08,4.548359e-08,3.0779137e-08,4.3241187e-08,1.0,1.0,1.0,3.0338384e-08,3.3951853e-08,1.0,3.976808e-08,3.867098e-08,1.0,3.68847e-08,1.0,4.83658e-08,1.0,3.5880216e-08,3.136322e-08,3.187098e-08,1.0,1.0,1.0,3.4858047e-08
16,1.0,6.733857e-08,5.446725e-08,1.0,5.0803653e-08,6.3240634e-08,6.0532074e-08,7.960009e-08,1.0,1.0,0.9999999,0.9999999,1.0,1.0,8.068061e-08,6.9025056e-08,0.9999999,6.2776984e-08,1.0,0.9999999,7.125772e-08,0.9999999,1.0,1.0,7.171681e-08,0.9999999,6.473651e-08,1.0,7.853689e-08,1.0,1.0,6.216845e-08,6.162961e-08,1.0,1.0,7.185497e-08,8.021155e-08,7.600493e-08,1.0,1.0,6.2120684e-08,6.689704e-08,6.1444865e-08,7.527636e-08,0.9999999,1.0,1.0,5.7296187e-08,6.867089e-08,0.9999999,7.307219e-08,6.7554176e-08,1.0,6.559963e-08,0.9999999,7.580427e-08,1.0,6.251447e-08,6.952756e-08,6.817172e-08,1.0,1.0,1.0,7.545591e-08
16_0,1.0,3.8435893e-08,3.032392e-08,1.0,3.6475843e-08,3.813722e-08,3.4255297e-08,4.503573e-08,1.0,1.0,1.0,1.0,1.0,1.0,5.3377207e-08,4.4606576e-08,1.0,5.1296045e-08,1.0,1.0,4.5029118e-08,1.0,1.0,1.0,4.2116817e-08,1.0,2.6477817e-08,1.0,4.8732954e-08,1.0,1.0,3.433805e-08,3.983663e-08,1.0,1.0,4.427e-08,5.0357457e-08,4.1759506e-08,1.0,1.0,4.396429e-08,4.548359e-08,3.0779137e-08,4.3241187e-08,1.0,1.0,1.0,3.0338384e-08,3.3951853e-08,1.0,3.976808e-08,3.867098e-08,1.0,3.68847e-08,1.0,4.83658e-08,1.0,3.5880216e-08,3.136322e-08,3.187098e-08,1.0,1.0,1.0,3.4858047e-08
17,1.7928725e-10,1.0,1.0,3.1510095e-10,1.0,1.0,4.52702e-10,2.1589737e-10,1.0,3.1495972e-10,1.401865e-10,1.0,1.0,2.5156754e-10,1.0,1.7486602e-10,1.0,1.0,2.3462093e-10,3.7177783e-10,3.9371958e-10,2.9189917e-10,1.0,2.791714e-10,1.3199379e-10,2.568916e-10,2.5884567e-10,1.0,1.9802449e-10,6.4225535e-11,1.8268324e-10,1.0,1.0,1.0,1.0,3.1674235e-10,3.1962383e-10,3.8687695e-10,1.0,1.0,4.365566e-10,1.0,3.1653158e-10,1.0,1.0,6.0320293e-10,2.7508715e-10,1.0,2.321579e-10,3.8770942e-10,3.0287706e-10,1.0,1.0,4.0794362e-10,1.6156186e-10,1.4955914e-10,4.2597798e-10,1.0,1.0,1.0,1.0,3.6714104e-10,1.0,1.0
18,1.0,6.733857e-08,5.446725e-08,1.0,5.0803653e-08,6.3240634e-08,6.0532074e-08,7.960009e-08,1.0,1.0,0.9999999,0.9999999,1.0,1.0,8.068061e-08,6.9025056e-08,0.9999999,6.2776984e-08,1.0,0.9999999,7.125772e-08,0.9999999,1.0,1.0,7.171681e-08,0.9999999,6.473651e-08,1.0,7.853689e-08,1.0,1.0,6.216845e-08,6.162961e-08,1.0,1.0,7.185497e-08,8.021155e-08,7.600493e-08,1.0,1.0,6.2120684e-08,6.689704e-08,6.1444865e-08,7.527636e-08,0.9999999,1.0,1.0,5.7296187e-08,6.867089e-08,0.9999999,7.307219e-08,6.7554176e-08,1.0,6.559963e-08,0.9999999,7.580427e-08,1.0,6.251447e-08,6.952756e-08,6.817172e-08,1.0,1.0,1.0,7.545591e-08
18_1,1.7928725e-10,1.0,1.0,3.1510095e-10,1.0,1.0,4.52702e-10,2.1589737e-10,1.0,3.1495972e-10,1.401865e-10,1.0,1.0,2.5156754e-10,1.0,1.7486602e-10,1.0,1.0,2.3462093e-10,3.7177783e-10,3.9371958e-10,2.9189917e-10,1.0,2.791714e-10,1.3199379e-10,2.568916e-10,2.5884567e-10,1.0,1.9802449e-10,6.4225535e-11,1.8268324e-10,1.0,1.0,1.0,1.0,3.1674235e-10,3.1962383e-10,3.8687695e-10,1.0,1.0,4.365566e-10,1.0,3.1653158e-10,1.0,1.0,6.0320293e-10,2.7508715e-10,1.0,2.321579e-10,3.8770942e-10,3.0287706e-10,1.0,1.0,4.0794362e-10,1.6156186e-10,1.4955914e-10,4.2597798e-10,1.0,1.0,1.0,1.0,3.6714104e-10,1.0,1.0
19,0.00023468696,0.9995901,0.9499963,0.00031918686,0.9999999,1.4160982e-07,0.9986487,0.9996946,1.2331705e-05,0.0005656408,9.333994e-05,0.98753023,5.930938e-06,6.680788e-05,0.0002747492,3.8100818e-05,0.9636666,4.417449e-05,0.9997638,0.00015215122,0.001088163,0.00045995324,3.3725834e-07,0.00027228697,2.0412686e-05,0.9996567,0.99887794,0.9753838,0.00021802327,0.00011301055,0.00020486621,8.938479e-05,0.00055269065,0.99999416,0.9984445,0.00021203572,0.00048173353,0.9997819,0.99851733,0.9999999,0.0005462419,0.00031475857,0.00025357647,0.99399877,1.0,0.99911743,0.0013510603,0.0007632254,0.0008817128,0.0005248064,0.0003624119,8.201166e-08,7.4836025e-05,0.9993711,0.99977654,0.00013185036,0.9998103,3.218025e-07,4.5601465e-07,2.9127855e-07,4.0098143e-06,0.0006148946,0.9998661,0.00071979704
20,1.0,6.733857e-08,5.446725e-08,1.0,5.0803653e-08,6.3240634e-08,6.0532074e-08,7.960009e-08,1.0,1.0,0.9999999,0.9999999,1.0,1.0,8.068061e-08,6.9025056e-08,0.9999999,6.2776984e-08,1.0,0.9999999,7.125772e-08,0.9999999,1.0,1.0,7.171681e-08,0.9999999,6.473651e-08,1.0,7.853689e-08,1.0,1.0,6.216845e-08,6.162961e-08,1.0,1.0,7.185497e-08,8.021155e-08,7.600493e-08,1.0,1.0,6.2120684e-08,6.689704e-08,6.1444865e-08,7.527636e-08,0.9999999,1.0,1.0,5.7296187e-08,6.867089e-08,0.9999999,7.307219e-08,6.7554176e-08,1.0,6.559963e-08,0.9999999,7.580427e-08,1.0,6.251447e-08,6.952756e-08,6.817172e-08,1.0,1.0,1.0,7.545591e-08
20_2,0.00023468696,0.9995901,0.9499963,0.00031918686,0.9999999,1.4160982e-07,0.9986487,0.9996946,1.2331705e-05,0.0005656408,9.333994e-05,0.98753023,5.930938e-06,6.680788e-05,0.0002747492,3.8100818e-05,0.9636666,4.417449e-05,0.9997638,0.00015215122,0.001088163,0.00045995324,3.3725834e-07,0.00027228697,2.0412686e-05,0.9996567,0.99887794,0.9753838,0.00021802327,0.00011301055,0.00020486621,8.938479e-05,0.00055269065,0.99999416,0.9984445,0.00021203572,0.00048173353,0.9997819,0.99851733,0.9999999,0.0005462419,0.00031475857,0.00025357647,0.99399877,1.0,0.99911743,0.0013510603,0.0007632254,0.0008817128,0.0005248064,0.0003624119,8.201166e-08,7.4836025e-05,0.9993711,0.99977654,0.00013185036,0.9998103,3.218025e-07,4.5601465e-07,2.9127855e-07,4.0098143e-06,0.0006148946,0.9998661,0.00071979704
21,0.9999999,0.9999999,0.99999976,1.5047642e-07,0.99999976,2.2228285e-07,2.068899e-07,2.434801e-07,1.8684653e-07,0.99999976,2.2544893e-07,0.99999964,1.0477034e-07,0.9999999,2.1601113e-07,2.8671894e-07,0.99999976,0.9999999,0.9999999,0.9999999,0.99999976,1.8659082e-07,0.99999976,1.7060108e-07,2.0465238e-07,2.0845786e-07,1.7822713e-07,2.429093e-07,1.9722847e-07,1.6792893e-07,2.88909e-07,0.99999976,2.792583e-07,1.5791224e-07,2.0901226e-07,1.290035e-07,0.9999999,0.99999976,0.99999976,0.99999976,0.9999999,3.1876093e-07,2.6009837e-07,1.7451374e-07,0.99999964,0.99999976,1.6858972e-07,2.4207725e-07,2.3097124e-07,0.99999976,1.1928336e-07,2.0228336e-07,0.9999999,0.99999964,0.99999964,1.752815e-07,0.9999999,1.5769162e-07,0.9999999,0.99999976,0.99999976,1.4115408e-07,0.9999999,1.2673887e-07
22,1.0,6.733857e-08,5.446725e-08,1.0,5.0803653e-08,6.3240634e-08,6.0532074e-08,7.960009e-08,1.0,1.0,0.9999999,0.9999999,1.0,1.0,8.068061e-08,6.9025056e-08,0.9999999,6.2776984e-08,1.0,0.9999999,7.125772e-08,0.9999999,1.0,1.0,7.171681e-08,0.9999999,6.473651e-08,1.0,7.853689e-08,1.0,1.0,6.216845e-08,6.162961e-08,1.0,1.0,7.185497e-08,8.021155e-08,7.600493e-08,1.0,1.0,6.2120684e-08,6.689704e-08,6.1444865e-08,7.527636e-08,0.9999999,1.0,1.0,5.7296187e-08,6.867089e-08,0.9999999,7.307219e-08,6.7554176e-08,1.0,6.559963e-08,0.9999999,7.580427e-08,1.0,6.251447e-08,6.952756e-08,6.817172e-08,1.0,1.0,1.0,7.545591e-08
22_3,0.9999999,0.9999999,0.99999976,1.5047642e-07,0.99999976,2.2228285e-07,2.068899e-07,2.434801e-07,1.8684653e-07,0.99999976,2.2544893e-07,0.99999964,1.0477034e-07,0.9999999,2.1601113e-07,2.8671894e-07,0.99999976,0.9999999,0.9999999,0.9999999,0.99999976,1.8659082e-07,0.99999976,1.7060108e-07,2.0465238e-07,2.0845786e-07,1.7822713e-07,2.429093e-07,1.9722847e-07,1.6792893e-07,2.88909e-07,0.99999976,2.792583e-07,1.5791224e-07,2.0901226e-07,1.290035e-07,0.9999999,0.99999976,0.99999976,0.99999976,0.9999999,3.1876093e-07,2.6009837e-07,1.7451374e-07,0.99999964,0.99999976,1.6858972e-07,2.4207725e-07,2.3097124e-07,0.99999976,1.1928336e-07,2.0228336e-07,0.9999999,0.99999964,0.99999964,1.752815e-07,0.9999999,1.5769162e-07,0.9999999,0.99999976,0.99999976,1.4115408e-07,0.9999999,1.2673887e-07
23,1.9500301e-07,0.9999999,0.99999976,2.7298057e-07,0.9999999,0.9999999,1.9056627e-07,1.1885379e-07,0.9999999,0.99999976,0.99999976,0.99999976,1.9144554e-07,0.9999999,1.9789883e-07,2.7605356e-07,0.99999976,0.99999976,0.99999976,1.271728e-07,1.3337628e-07,0.9999999,0.99999964,0.9999999,2.5133716e-07,0.9999999,1.2877707e-07,0.9999999,1.3141695e-07,1.8466564e-07,2.2442163e-07,2.9805554e-07,1.3421894e-07,9.313403e-08,1.3244376e-07,0.9999999,1.7269507e-07,0.9999999,0.99999976,3.0845703e-07,0.99999976,0.99999976,3.032127e-07,0.99999976,0.9999999,0.9999999,1.533852e-07,0.9999999,0.9999999,1.6186898e-07,1.6530478e-07,0.9999999,1.7139706e-07,1.4750445e-07,0.9999999,1.2730628e-07,0.99999976,1.1283402e-07,1.2935385e-07,0.99999976,0.99999976,0.99999976,1.9585624e-07,0.99999976
24,1.0,6.733857e-08,5.446725e-08,1.0,5.0803653e-08,6.3240634e-08,6.0532074e-08,7.960009e-08,1.0,1.0,0.9999999,0.9999999,1.0,1.0,8.068061e-08,6.9025056e-08,0.9999999,6.2776984e-08,1.0,0.9999999,7.125772e-08,0.9999999,1.0,1.0,7.171681e-08,0.9999999,6.473651e-08,1.0,7.853689e-08,1.0,1.0,6.216845e-08,6.162961e-08,1.0,1.0,7.185497e-08,8.021155e-08,7.600493e-08,1.0,1.0,6.2120684e-08,6.689704e-08,6.1444865e-08,7.527636e-08,0.9999999,1.0,1.0,5.7296187e-08,6.867089e-08,0.9999999,7.307219e-08,6.7554176e-08,1.0,6.559963e-08,0.9999999,7.580427e-08,1.0,6.251447e-08,6.952756e-08,6.817172e-08,1.0,1.0,1.0,7.545591e-08
24_4,1.9500301e-07,0.9999999,0.99999976,2.7298057e-07,0.9999999,0.9999999,1.9056627e-07,1.1885379e-07,0.9999999,0.99999976,0.99999976,0.99999976,1.9144554e-07,0.9999999,1.9789883e-07,2.7605356e-07,0.99999976,0.99999976,0.99999976,1.271728e-07,1.3337628e-07,0.9999999,0.99999964,0.9999999,2.5133716e-07,0.9999999,1.2877707e-07,0.9999999,1.3141695e-07,1.8466564e-07,2.2442163e-07,2.9805554e-07,1.3421894e-07,9.313403e-08,1.3244376e-07,0.9999999,1.7269507e-07,0.9999999,0.99999976,3.0845703e-07,0.99999976,0.99999976,3.032127e-07,0.99999976,0.9999999,0.9999999,1.533852e-07,0.9999999,0.9999999,1.6186898e-07,1.6530478e-07,0.9999999,1.7139706e-07,1.4750445e-07,0.9999999,1.2730628e-07,0.99999976,1.1283402e-07,1.2935385e-07,0.99999976,0.99999976,0.99999976,1.9585624e-07,0.99999976
25,2.2200362e-07,0.9999999,0.99999976,2.482728e-07,0.99999976,0.99999976,1.13324795e-07,2.4889488e-07,0.99999976,9.033474e-08,0.99999976,0.99999976,0.99999976,2.3433412e-07,3.6729344e-07,1.8141142e-07,0.9999999,1.00183286e-07,1.7501709e-07,0.99999976,3.4239824e-07,0.99999976,0.9999999,3.7806387e-07,3.1697752e-07,1.3362288e-07,3.4559451e-07,1.8024618e-07,0.9999999,0.99999976,1.4389006e-07,0.9999999,2.257622e-07,0.99999976,0.99999976,0.9999999,2.2479647e-07,2.8284964e-07,3.2963592e-07,1.565416e-07,1.42756e-07,1.9064443e-07,1.448975e-07,9.089437e-08,0.9999999,0.9999999,0.9999999,0.9999999,1.963777e-07,1.5333619e-07,1.5166616e-07,2.0901605e-07,1.0183764e-07,0.9999999,0.9999999,2.7347724e-07,0.9999999,0.9999999,0.9999999,1.0840726e-07,0.99999976,1.5327582e-07,0.9999999,3.543053e-07
26,1.0,6.733857e-08,5.446725e-08,1.0,5.0803653e-08,6.3240634e-08,6.0532074e-08,7.960009e-08,1.0,1.0,0.9999999,0.9999999,1.0,1.0,8.068061e-08,6.9025056e-08,0.9999999,6.2776984e-08,1.0,0.9999999,7.125772e-08,0.9999999,1.0,1.0,7.171681e-08,0.9999999,6.473651e-08,1.0,7.853689e-08,1.0,1.0,6.216845e-08,6.162961e-08,1.0,1.0,7.185497e-08,8.021155e-08,7.600493e-08,1.0,1.0,6.2120684e-08,6.689704e-08,6.1444865e-08,7.527636e-08,0.9999999,1.0,1.0,5.7296187e-08,6.867089e-08,0.9999999,7.307219e-08,6.7554176e-08,1.0,6.559963e-08,0.9999999,7.580427e-08,1.0,6.251447e-08,6.952756e-08,6.817172e-08,1.0,1.0,1.0,7.545591e-08
26_5,2.2200362e-07,0.9999999,0.99999976,2.482728e-07,0.99999976,0.99999976,1.13324795e-07,2.4889488e-07,0.99999976,9.033474e-08,0.99999976,0.99999976,0.99999976,2.3433412e-07,3.6729344e-07,1.8141142e-07,0.9999999,1.00183286e-07,1.7501709e-07,0.99999976,3.4239824e-07,0.99999976,0.9999999,3.7806387e-07,3.1697752e-07,1.3362288e-07,3.4559451e-07,1.8024618e-07,0.9999999,0.99999976,1.4389006e-07,0.9999999,2.257622e-07,0.99999976,0.99999976,0.9999999,2.2479647e-07,2.8284964e-07,3.2963592e-07,1.565416e-07,1.42756e-07,1.9064443e-07,1.448975e-07,9.089437e-08,0.9999999,0.9999999,0.9999999,0.9999999,1.963777e-07,1.5333619e-07,1.5166616e-07,2.0901605e-07,1.0183764e-07,0.9999999,0.9999999,2.7347724e-07,0.9999999,0.9999999,0.9999999,1.0840726e-07,0.99999976,1.5327582e-07,0.9999999,3.543053e-07
27,1.7646279e-07,0.99999976,0.99999976,0.99999976,0.99999976,0.9999999,2.506619e-07,0.9999999,0.99999976,0.99999976,1.2067056e-07,7.6122014e-08,0.9999999,0.9999999,0.9999999,1.1519408e-07,0.99999976,0.99999976,0.9999999,0.99999976,0.9999999,0.9999999,0.9999999,1.861305e-07,3.916928e-07,0.9999999,1.8600966e-07,1.8156894e-07,2.3412392e-07,1.5548109e-07,1.825755e-07,0.9999999,2.2916986e-07,1.01968645e-07,0.99999976,2.4640065e-07,1.730898e-07,0.9999999,2.7466203e-07,0.99999964,0.9999999,1.6703099e-07,2.9747767e-07,1.10867624e-07,2.0944465e-07,0.99999976,8.222247e-08,1.5943833e-07,2.280512e-07,0.9999999,1.4775591e-07,1.1847435e-07,1.659945e-07,2.0788491e-07,1.3681762e-07,2.7645612e-07,2.747283e-07,0.99999976,0.9999999,0.9999999,0.99999976,2.9004696e-07,1.5775163e-07,0.9999999
28,1.0,6.733857e-08,5.446725e-08,1.0,5.0803653e-08,6.3240634e-08,6.0532074e-08,7.960009e-08,1.0,1.0,0.9999999,0.9999999,1.0,1.0,8.068061e-08,6.9025056e-08,0.9999999,6.2776984e-08,1.0,0.9999999,7.125772e-08,0.9999999,1.0,1.0,7.171681e-08,0.9999999,6.473651e-08,1.0,7.853689e-08,1.0,1.0,6.216845e-08,6.162961e-08,1.0,1.0,7.185497e-08,8.021155e-08,7.600493e-08,1.0,1.0,6.2120684e-08,6.689704e-08,6.1444865e-08,7.527636e-08,0.9999999,1.0,1.0,5.7296187e-08,6.867089e-08,0.9999999,7.307219e-08,6.7554176e-08,1.0,6.559963e-08,0.9999999,7.580427e-08,1.0,6.251447e-08,6.952756e-08,6.817172e-08,1.0,1.0,1.0,7.545591e-08
28_6,1.7646279e-07,0.99999976,0.99999976,0.99999976,0.99999976,0.9999999,2.506619e-07,0.9999999,0.99999976,0.99999976,1.2067056e-07,7.6122014e-08,0.9999999,0.9999999,0.9999999,1.1519408e-07,0.99999976,0.99999976,0.9999999,0.99999976,0.9999999,0.9999999,0.9999999,1.861305e-07,3.916928e-07,0.9999999,1.8600966e-07,1.8156894e-07,2.3412392e-07,1.5548109e-07,1.825755e-07,0.9999999,2.2916986e-07,1.01968645e-07,0.99999976,2.4640065e-07,1.730898e-07,0.9999999,2.7466203e-07,0.99999964,0.9999999,1.6703099e-07,2.9747767e-07,1.10867624e-07,2.0944465e-07,0.99999976,8.222247e-08,1.5943833e-07,2.280512e-07,0.9999999,1.4775591e-07,1.1847435e-07,1.659945e-07,2.0788491e-07,1.3681762e-07,2.7645612e-07,2.747283e-07,0.99999976,0.9999999,0.9999999,0.99999976,2.9004696e-07,1.5775163e-07,0.9999999
29,0.9999995,5.6647895e-07,5.013918e-07,0.9999995,5.1363793e-07,6.2726707e-07,7.0543086e-07,6.7502066e-07,0.9999994,0.9999994,0.9999994,0.9999994,0.9999994,0.9999994,7.195411e-07,6.9643943e-07,0.9999994,6.4778317e-07,0.9999994,0.9999994,6.360699e-07,0.9999994,0.9999994,0.9999994,6.8018e-07,0.9999994,6.083509e-07,0.9999994,7.104776e-07,0.9999994,0.9999994,6.02212e-07,6.457952e-07,0.9999994,0.9999994,6.075995e-07,6.4939763e-07,6.231209e-07,0.9999994,0.9999995,5.671217e-07,6.0067424e-07,6.9232317e-07,6.6836964e-07,0.9999994,0.9999995,0.9999994,6.182788e-07,6.5039234e-07,0.9999994,6.630216e-07,6.112389e-07,0.9999994,6.909117e-07,0.9999994,6.9438755e-07,0.9999994,5.800216e-07,6.275058e-07,5.4762006e-07,0.9999994,0.9999995,0.9999994,6.006599e-07
30,0.003706862,0.9970108,0.9911761,0.0034465,0.9995321,0.00031722256,0.9922202,0.9940637,0.002449467,0.006365645,0.004933589,0.9967344,0.0015429909,0.0044363467,0.004761392,0.0024727844,0.9950983,0.002384034,0.9947233,0.0066288086,0.0042463387,0.0030649141,0.000410892,0.0066520907,0.0020540555,0.9929725,0.9933763,0.99472827,0.004161011,0.001471942,0.0036163602,0.0015648915,0.0055712163,0.9971482,0.9974763,0.005198132,0.004629773,0.9950113,0.9973677,0.99940884,0.004224988,0.0046128486,0.005380779,0.99717355,0.99947864,0.9929588,0.005009759,0.006914118,0.0034675915,0.0039097397,0.0026508663,0.00026955674,0.0016563785,0.9927745,0.9943587,0.0021471393,0.99413824,0.00041199927,0.00036635023,0.0003659542,0.0021771071,0.0052430304,0.9927562,0.005985908
30_0,0.9999995,5.6647895e-07,5.013918e-07,0.9999995,5.1363793e-07,6.2726707e-07,7.0543086e-07,6.7502066e-07,0.9999994,0.9999994,0.9999994,0.9999994,0.9999994,0.9999994,7.195411e-07,6.9643943e-07,0.9999994,6.4778317e-07,0.9999994,0.9999994,6.360699e-07,0.9999994,0.9999994,0.9999994,6.8018e-07,0.9999994,6.083509e-07,0.9999994,7.104776e-07,0.9999994,0.9999994,6.02212e-07,6.457952e-07,0.9999994,0.9999994,6.075995e-07,6.4939763e-07,6.231209e-07,0.9999994,0.9999995,5.671217e-07,6.0067424e-07,6.9232317e-07,6.6836964e-07,0.9999994,0.9999995,0.9999994,6.182788e-07,6.5039234e-07,0.9999994,6.630216e-07,6.112389e-07,0.9999994,6.909117e-07,0.9999994,6.9438755e-07,0.9999994,5.800216e-07,6.275058e-07,5.4762006e-07,0.9999994,0.9999995,0.9999994,6.006599e-07
31,2.2363281e-17,1.0,1.0,2.5048457e-17,1.0,1.0,2.7438674e-16,6.961389e-17,1.0,1.0842766e-16,1.8906919e-17,1.0,1.0,9.736834e-17,1.0,1.0252413e-17,1.0,1.0,1.0116521e-16,2.5601523e-16,1.6688234e-16,2.482928e-16,1.0,1.159679e-16,1.2201444e-18,1.05946246e-16,8.3123585e-17,1.0,2.27275e-17,7.2122596e-19,2.967834e-17,1.0,1.0,1.0,1.0,8.606373e-17,4.1470472e-17,3.5150183e-17,1.0,1.0,1.8736549e-16,1.0,1.04927053e-16,1.0,1.0,3.634188e-16,9.8290484e-17,1.0,4.453904e-17,1.6924608e-16,4.4260257e-17,1.0,1.0,1.1130763e-16,1.5457544e-16,8.736365e-18,1.6551606e-16,1.0,1.0,1.0,1.0,1.031196e-16,1.0,1.0
32,0.003706862,0.9970108,0.9911761,0.0034465,0.9995321,0.00031722256,0.9922202,0.9940637,0.002449467,0.006365645,0.004933589,0.9967344,0.0015429909,0.0044363467,0.004761392,0.0024727844,0.9950983,0.002384034,0.9947233,0.0066288086,0.0042463387,0.0030649141,0.000410892,0.0066520907,0.0020540555,0.9929725,0.9933763,0.99472827,0.004161011,0.001471942,0.0036163602,0.0015648915,0.0055712163,0.9971482,0.9974763,0.005198132,0.004629773,0.9950113,0.9973677,0.99940884,0.004224988,0.0046128486,0.005380779,0.99717355,0.99947864,0.9929588,0.005009759,0.006914118,0.0034675915,0.0039097397,0.0026508663,0.00026955674,0.0016563785,0.9927745,0.9943587,0.0021471393,0.99413824,0.00041199927,0.00036635023,0.0003659542,0.0021771071,0.0052430304,0.9927562,0.005985908
32_1,2.2363281e-17,1.0,1.0,2.5048457e-17,1.0,1.0,2.7438674e-16,6.961389e-17,1.0,1.0842766e-16,1.8906919e-17,1.0,1.0,9.736834e-17,1.0,1.0252413e-17,1.0,1.0,1.0116521e-16,2.5601523e-16,1.6688234e-16,2.482928e-16,1.0,1.159679e-16,1.2201444e-18,1.05946246e-16,8.3123585e-17,1.0,2.27275e-17,7.2122596e-19,2.967834e-17,1.0,1.0,1.0,1.0,8.606373e-17,4.1470472e-17,3.5150183e-17,1.0,1.0,1.8736549e-16,1.0,1.04927053e-16,1.0,1.0,3.634188e-16,9.8290484e-17,1.0,4.453904e-17,1.6924608e-16,4.4260257e-17,1.0,1.0,1.1130763e-16,1.5457544e-16,8.736365e-18,1.6551606e-16,1.0,1.0,1.0,1.0,1.031196e-16,1.0,1.0
33,0.6293419,0.39472103,1.6985334e-07,0.5739582,0.41078687,0.48264712,0.5227557,0.5201252,0.4811902,0.51567966,0.5722673,1.3487321e-05,0.46586585,0.4973827,0.6809878,0.6190496,4.1470494e-06,0.56543696,0.5136863,0.474773,0.5248973,0.50694066,0.44602528,0.5556184,0.63467485,0.4672332,0.5457316,2.9313164e-06,0.58966154,0.61765695,0.5536135,0.5009149,0.5619464,0.4459356,0.06186225,0.5142046,0.59390014,0.5209091,0.06584282,0.48366052,0.51350665,0.6188128,0.5492029,0.00032925062,0.5210706,0.48938712,0.51849675,0.5658012,0.5413796,0.4595295,0.5640123,0.528358,0.54146135,0.5039805,0.44836703,0.60285753,0.48093793,0.47587427,0.46481442,0.44760555,0.37176272,0.5599111,0.48917252,0.5183922
34,0.003706862,0.9970108,0.9911761,0.0034465,0.9995321,0.00031722256,0.9922202,0.9940637,0.002449467,0.006365645,0.004933589,0.9967344,0.0015429909,0.0044363467,0.004761392,0.0024727844,0.9950983,0.002384034,0.9947233,0.0066288086,0.0042463387,0.0030649141,0.000410892,0.0066520907,0.0020540555,0.9929725,0.9933763,0.99472827,0.004161011,0.001471942,0.0036163602,0.0015648915,0.0055712163,0.9971482,0.9974763,0.005198132,0.004629773,0.9950113,0.9973677,0.99940884,0.004224988,0.0046128486,0.005380779,0.99717355,0.99947864,0.9929588,0.005009759,0.006914118,0.0034675915,0.0039097397,0.0026508663,0.00026955674,0.0016563785,0.9927745,0.9943587,0.0021471393,0.99413824,0.00041199927,0.00036635023,0.0003659542,0.0021771071,0.0052430304,0.9927562,0.005985908
34_2,0.6293419,0.39472103,1.6985334e-07,0.5739582,0.41078687,0.48264712,0.5227557,0.5201252,0.4811902,0.51567966,0.5722673,1.3487321e-05,0.46586585,0.4973827,0.6809878,0.6190496,4.1470494e-06,0.56543696,0.5136863,0.474773,0.5248973,0.50694066,0.44602528,0.5556184,0.63467485,0.4672332,0.5457316,2.9313164e-06,0.58966154,0.61765695,0.5536135,0.5009149,0.5619464,0.4459356,0.06186225,0.5142046,0.59390014,0.5209091,0.06584282,0.48366052,0.51350665,0.6188128,0.5492029,0.00032925062,0.5210706,0.48938712,0.51849675,0.5658012,0.5413796,0.4595295,0.5640123,0.528358,0.54146135,0.5039805,0.44836703,0.60285753,0.48093793,0.47587427,0.46481442,0.44760555,0.37176272,0.5599111,0.48917252,0.5183922
35,0.9999875,0.9999813,0.99998116,8.544822e-06,0.9999831,1.2897517e-05,1.3054463e-05,1.3016262e-05,8.8583265e-06,0.99998224,9.637658e-06,0.9999852,6.6870894e-06,0.9999914,1.691404e-05,1.1282976e-05,0.99999154,0.9999895,0.99999094,0.99998975,0.99997926,9.648942e-06,0.9999875,1.3605708e-05,9.78143e-06,1.8864117e-05,9.933199e-06,2.2747481e-05,7.732666e-06,7.5338507e-06,1.1379192e-05,0.9999887,8.49542e-06,1.1687706e-05,1.6803782e-05,1.32381665e-05,0.99999094,0.9999857,0.9999914,0.9999896,0.9999881,9.495755e-06,1.9916137e-05,1.9649546e-05,0.9999801,0.99998736,7.9341335e-06,1.4451249e-05,1.0727749e-05,0.9999826,8.045094e-06,2.0004882e-05,0.99999166,0.9999858,0.99998474,1.3813889e-05,0.99998784,1.0965885e-05,0.99998736,0.9999831,0.9999901,1.3841845e-05,0.9999858,7.697673e-06
36,0.003706862,0.9970108,0.9911761,0.0034465,0.9995321,0.00031722256,0.9922202,0.9940637,0.002449467,0.006365645,0.004933589,0.9967344,0.0015429909,0.0044363467,0.004761392,0.0024727844,0.9950983,0.002384034,0.9947233,0.0066288086,0.0042463387,0.0030649141,0.000410892,0.0066520907,0.0020540555,0.9929725,0.9933763,0.99472827,0.004161011,0.001471942,0.0036163602,0.0015648915,0.0055712163,0.9971482,0.9974763,0.005198132,0.004629773,0.9950113,0.9973677,0.99940884,0.004224988,0.0046128486,0.005380779,0.99717355,0.99947864,0.9929588,0.005009759,0.006914118,0.0034675915,0.0039097397,0.0026508663,0.00026955674,0.0016563785,0.9927745,0.9943587,0.0021471393,0.99413824,0.00041199927,0.00036635023,0.0003659542,0.0021771071,0.0052430304,0.9927562,0.005985908
36_3,0.9999875,0.9999813,0.99998116,8.544822e-06,0.9999831,1.2897517e-05,1.3054463e-05,1.3016262e-05,8.8583265e-06,0.99998224,9.637658e-06,0.9999852,6.6870894e-06,0.9999914,1.691404e-05,1.1282976e-05,0.99999154,0.9999895,0.99999094,0.99998975,0.99997926,9.648942e-06,0.9999875,1.3605708e-05,9.78143e-06,1.8864117e-05,9.933199e-06,2.2747481e-05,7.732666e-06,7.5338507e-06,1.1379192e-05,0.9999887,8.49542e-06,1.1687706e-05,1.6803782e-05,1.32381665e-05,0.99999094,0.9999857,0.9999914,0.9999896,0.9999881,9.495755e-06,1.9916137e-05,1.9649546e-05,0.9999801,0.99998736,7.9341335e-06,1.4451249e-05,1.0727749e-05,0.9999826,8.045094e-06,2.0004882e-05,0.99999166,0.9999858,0.99998474,1.3813889e-05,0.99998784,1.0965885e-05,0.99998736,0.9999831,0.9999901,1.3841845e-05,0.9999858,7.697673e-06
37,1.5900127e-05,0.9999846,0.999982,1.628729e-05,0.9999856,0.9999889,1.5232851e-05,8.062705e-06,0.99998784,0.9999902,0.99999154,0.9999826,1.1496877e-05,0.9999821,2.154597e-05,1.9379628e-05,0.9999906,0.9999895,0.99998736,9.315511e-06,1.1123019e-05,0.9999889,0.99998534,0.99998045,1.6351674e-05,0.9999927,1.2245463e-05,0.99999046,1.3759536e-05,1.1253252e-05,9.630005e-06,2.2815244e-05,9.397899e-06,7.8731855e-06,1.065428e-05,0.99999285,1.2114972e-05,0.9999796,0.99998796,1.2785462e-05,0.9999825,0.9999821,9.601285e-06,0.9999907,0.9999846,0.9999957,9.765324e-06,0.9999856,0.99998546,1.4155989e-05,1.0682228e-05,0.99998665,1.05936715e-05,1.154117e-05,0.99999344,1.0274805e-05,0.9999802,1.560451e-05,8.153304e-06,0.9999858,0.9999808,0.9999863,2.1148877e-05,0.99998677
38,0.003706862,0.9970108,0.9911761,0.0034465,0.9995321,0.00031722256,0.9922202,0.9940637,0.002449467,0.006365645,0.004933589,0.9967344,0.0015429909,0.0044363467,0.004761392,0.0024727844,0.9950983,0.002384034,0.9947233,0.0066288086,0.0042463387,0.0030649141,0.000410892,0.0066520907,0.0020540555,0.9929725,0.9933763,0.99472827,0.004161011,0.001471942,0.0036163602,0.0015648915,0.0055712163,0.9971482,0.9974763,0.005198132,0.004629773,0.9950113,0.9973677,0.99940884,0.004224988,0.0046128486,0.005380779,0.99717355,0.99947864,0.9929588,0.005009759,0.006914118,0.0034675915,0.0039097397,0.0026508663,0.00026955674,0.0016563785,0.9927745,0.9943587,0.0021471393,0.99413824,0.00041199927,0.00036635023,0.0003659542,0.0021771071,0.0052430304,0.9927562,0.005985908
38_4,1.5900127e-05,0.9999846,0.999982,1.628729e-05,0.9999856,0.9999889,1.5232851e-05,8.062705e-06,0.99998784,0.9999902,0.99999154,0.9999826,1.1496877e-05,0.9999821,2.154597e-05,1.9379628e-05,0.9999906,0.9999895,0.99998736,9.315511e-06,1.1123019e-05,0.9999889,0.99998534,0.99998045,1.6351674e-05,0.9999927,1.2245463e-05,0.99999046,1.3759536e-05,1.1253252e-05,9.630005e-06,2.2815244e-05,9.397899e-06,7.8731855e-06,1.065428e-05,0.99999285,1.2114972e-05,0.9999796,0.99998796,1.2785462e-05,0.9999825,0.9999821,9.601285e-06,0.9999907,0.9999846,0.9999957,9.765324e-06,0.9999856,0.99998546,1.4155989e-05,1.0682228e-05,0.99998665,1.05936715e-05,1.154117e-05,0.99999344,1.0274805e-05,0.9999802,1.560451e-05,8.153304e-06,0.9999858,0.9999808,0.9999863,2.1148877e-05,0.99998677
39,1.263034e-05,0.9999857,0.99998987,1.2488553e-05,0.9999801,0.99998176,6.1375863e-06,8.805063e-06,0.9999814,7.722077e-06,0.9999839,0.9999839,0.99998856,1.0561e-05,1.4485454e-05,1.4334441e-05,0.9999844,9.478446e-06,1.1652549e-05,0.99998057,1.0176983e-05,0.99998975,0.9999926,1.2583584e-05,1.5365402e-05,9.636886e-06,1.8034545e-05,1.5187477e-05,0.9999893,0.99998856,9.800263e-06,0.99998605,1.5304186e-05,0.9999889,0.9999896,0.9999788,1.3078662e-05,1.4066122e-05,2.3931107e-05,8.328436e-06,1.2200027e-05,1.0851585e-05,7.451143e-06,1.5374826e-05,0.99999106,0.9999862,0.99998474,0.99999094,1.6997268e-05,1.41943e-05,1.3578539e-05,1.520049e-05,8.792393e-06,0.9999925,0.99998844,1.9350005e-05,0.99999213,0.9999862,0.99998903,1.0161108e-05,0.99998796,2.580598e-05,0.9999858,1.698395e-05
40,0.003706862,0.9970108,0.9911761,0.0034465,0.9995321,0.00031722256,0.9922202,0.9940637,0.002449467,0.006365645,0.004933589,0.9967344,0.0015429909,0.0044363467,0.004761392,0.0024727844,0.9950983,0.002384034,0.9947233,0.0066288086,0.0042463387,0.0030649141,0.000410892,0.0066520907,0.0020540555,0.9929725,0.9933763,0.99472827,0.004161011,0.001471942,0.0036163602,0.0015648915,0.0055712163,0.9971482,0.9974763,0.005198132,0.004629773,0.9950113,0.9973677,0.99940884,0.004224988,0.0046128486,0.005380779,0.99717355,0.99947864,0.9929588,0.005009759,0.006914118,0.0034675915,0.0039097397,0.0026508663,0.00026955674,0.0016563785,0.9927745,0.9943587,0.0021471393,0.99413824,0.00041199927,0.00036635023,0.0003659542,0.0021771071,0.0052430304,0.9927562,0.005985908
40_5,1.263034e-05,0.9999857,0.99998987,1.2488553e-05,0.9999801,0.99998176,6.1375863e-06,8.805063e-06,0.9999814,7.722077e-06,0.9999839,0.9999839,0.99998856,1.0561e-05,1.4485454e-05,1.4334441e-05,0.9999844,9.478446e-06,1.1652549e-05,0.99998057,1.0176983e-05,0.99998975,0.9999926,1.2583584e-05,1.5365402e-05,9.636886e-06,1.8034545e-05,1.5187477e-05,0.9999893,0.99998856,9.800263e-06,0.99998605,1.5304186e-05,0.9999889,0.9999896,0.9999788,1.3078662e-05,1.4066122e-05,2.3931107e-05,8.328436e-06,1.2200027e-05,1.0851585e-05,7.451143e-06,1.5374826e-05,0.99999106,0.9999862,0.99998474,0.99999094,1.6997268e-05,1.41943e-05,1.3578539e-05,1.520049e-05,8.792393e-06,0.9999925,0.99998844,1.9350005e-05,0.99999213,0.9999862,0.99998903,1.0161108e-05,0.99998796,2.580598e-05,0.9999858,1.698395e-05
41,1.4492099e-05,0.9999919,0.9999819,0.99999154,0.9999846,0.9999814,8.42828e-06,0.99999213,0.9999887,0.99998665,1.1399133e-05,1.0404797e-05,0.9999864,0.99998474,0.99998367,1.11769195e-05,0.99998295,0.9999864,0.9999864,0.9999851,0.99999034,0.99998796,0.9999881,1.0828882e-05,1.3782059e-05,0.99999285,1.8299266e-05,6.238354e-06,6.0622997e-06,9.535993e-06,1.2262805e-05,0.9999924,1.3651939e-05,1.205418e-05,0.9999813,1.1614982e-05,8.808019e-06,0.9999888,2.2943997e-05,0.99997926,0.9999902,1.1429416e-05,2.410022e-05,8.931388e-06,1.335005e-05,0.9999918,1.6899305e-05,1.4841297e-05,1.1210556e-05,0.99998736,1.5203795e-05,1.1533248e-05,1.3164982e-05,1.3876964e-05,7.434775e-06,2.0865922e-05,1.16642905e-05,0.99999046,0.9999895,0.9999825,0.9999908,1.7679273e-05,9.150951e-06,0.9999782
42,0.003706862,0.9970108,0.9911761,0.0034465,0.9995321,0.00031722256,0.9922202,0.9940637,0.002449467,0.006365645,0.004933589,0.9967344,0.0015429909,0.0044363467,0.004761392,0.0024727844,0.9950983,0.002384034,0.9947233,0.0066288086,0.0042463387,0.0030649141,0.000410892,0.0066520907,0.0020540555,0.9929725,0.9933763,0.99472827,0.004161011,0.001471942,0.0036163602,0.0015648915,0.0055712163,0.9971482,0.9974763,0.005198132,0.004629773,0.9950113,0.9973677,0.99940884,0.004224988,0.0046128486,0.005380779,0.99717355,0.99947864,0.9929588,0.005009759,0.006914118,0.0034675915,0.0039097397,0.0026508663,0.00026955674,0.0016563785,0.9927745,0.9943587,0.0021471393,0.99413824,0.00041199927,0.00036635023,0.0003659542,0.0021771071,0.0052430304,0.9927562,0.005985908
42_6,1.4492099e-05,0.9999919,0.9999819,0.99999154,0.9999846,0.9999814,8.42828e-06,0.99999213,0.9999887,0.99998665,1.1399133e-05,1.0404797e-05,0.9999864,0.99998474,0.99998367,1.11769195e-05,0.99998295,0.9999864,0.9999864,0.9999851,0.99999034,0.99998796,0.9999881,1.0828882e-05,1.3782059e-05,0.99999285,1.8299266e-05,6.238354e-06,6.0622997e-06,9.535993e-06,1.2262805e-05,0.9999924,1.3651939e-05,1.205418e-05,0.9999813,1.1614982e-05,8.808019e-06,0.9999888,2.2943997e-05,0.99997926,0.9999902,1.1429416e-05,2.410022e-05,8.931388e-06,1.335005e-05,0.9999918,1.6899305e-05,1.4841297e-05,1.1210556e-05,0.99998736,1.5203795e-05,1.1533248e-05,1.3164982e-05,1.3876964e-05,7.434775e-06,2.0865922e-05,1.16642905e-05,0.99999046,0.9999895,0.9999825,0.9999908,1.7679273e-05,9.150951e-06,0.9999782
43,0.9999995,4.740875e-07,4.3175382e-07,0.9999995,3.3474038e-07,4.448317e-07,4.2813167e-07,5.668054e-07,0.9999995,0.9999995,0.9999995,0.9999995,0.99999964,0.99999964,5.5434003e-07,5.0575477e-07,0.9999995,4.471677e-07,0.99999964,0.9999995,5.297803e-07,0.9999995,0.99999964,0.9999995,4.8178896e-07,0.9999995,4.6786943e-07,0.99999964,5.719601e-07,0.99999964,0.9999995,4.235027e-07,4.1437457e-07,0.9999995,0.99999964,5.282925e-07,5.300502e-07,5.421508e-07,0.99999964,0.9999995,4.2790475e-07,5.1742165e-07,4.326916e-07,5.4454017e-07,0.9999995,0.9999995,0.9999995,3.9102585e-07,5.0880215e-07,0.99999964,5.269003e-07,5.260588e-07,0.99999964,4.4916965e-07,0.9999995,5.40371e-07,0.99999964,4.494512e-07,4.8110024e-07,5.018951e-07,0.99999964,0.99999964,0.9999995,5.061321e-07
44,0.6293419,0.39472103,1.6985334e-07,0.5739582,0.41078687,0.48264712,0.5227557,0.5201252,0.4811902,0.51567966,0.5722673,1.3487321e-05,0.46586585,0.4973827,0.6809878,0.6190496,4.1470494e-06,0.56543696,0.5136863,0.474773,0.5248973,0.50694066,0.44602528,0.5556184,0.63467485,0.4672332,0.5457316,2.9313164e-06,0.58966154,0.61765695,0.5536135,0.5009149,0.5619464,0.4459356,0.06186225,0.5142046,0.59390014,0.5209091,0.06584282,0.48366052,0.51350665,0.6188128,0.5492029,0.00032925062,0.5210706,0.48938712,0.51849675,0.5658012,0.5413796,0.4595295,0.5640123,0.528358,0.54146135,0.5039805,0.44836703,0.60285753,0.48093793,0.47587427,0.46481442,0.44760555,0.37176272,0.5599111,0.48917252,0.5183922
44_0,0.9999995,4.740875e-07,4.3175382e-07,0.9999995,3.3474038e-07,4.448317e-07,4.2813167e-07,5.668054e-07,0.9999995,0.9999995,0.9999995,0.9999995,0.99999964,0.99999964,5.5434003e-07,5.0575477e-07,0.9999995,4.471677e-07,0.99999964,0.9999995,5.297803e-07,0.9999995,0.99999964,0.9999995,4.8178896e-07,0.9999995,4.6786943e-07,0.99999964,5.719601e-07,0.99999964,0.9999995,4.235027e-07,4.1437457e-07,0.9999995,0.99999964,5.282925e-07,5.300502e-07,5.421508e-07,0.99999964,0.9999995,4.2790475e-07,5.1742165e-07,4.326916e-07,5.4454017e-07,0.9999995,0.9999995,0.9999995,3.9102585e-07,5.0880215e-07,0.99999964,5.269003e-07,5.260588e-07,0.99999964,4.4916965e-07,0.9999995,5.40371e-07,0.99999964,4.494512e-07,4.8110024e-07,5.018951e-07,0.99999964,0.99999964,0.9999995,5.061321e-07
45,0.52963233,0.51426077,0.6205488,0.5001444,0.45575112,0.52569234,0.41656294,0.44757307,0.45645463,0.3746649,0.4978054,0.56945103,0.4710867,0.42678103,0.77963585,0.5578575,0.55554974,0.6364676,0.44691947,0.32858866,0.38733926,0.34192026,0.4877632,0.41886574,0.5768842,0.39261404,0.4655926,0.5866807,0.5015137,0.57059246,0.47003302,0.5872468,0.67251146,0.5153659,0.531782,0.41332167,0.49045998,0.45742872,0.55484873,0.49350756,0.3729959,0.7120582,0.43376252,0.6243595,0.5524674,0.382045,0.37712434,0.71162593,0.42902324,0.32978976,0.4690522,0.5609428,0.6154583,0.41341016,0.38297683,0.53883874,0.4074505,0.52166235,0.4952149,0.52101284,0.3660493,0.43978953,0.60087776,0.6362198
46,0.6293419,0.39472103,1.6985334e-07,0.5739582,0.41078687,0.48264712,0.5227557,0.5201252,0.4811902,0.51567966,0.5722673,1.3487321e-05,0.46586585,0.4973827,0.6809878,0.6190496,4.1470494e-06,0.56543696,0.5136863,0.474773,0.5248973,0.50694066,0.44602528,0.5556184,0.63467485,0.4672332,0.5457316,2.9313164e-06,0.58966154,0.61765695,0.5536135,0.5009149,0.5619464,0.4459356,0.06186225,0.5142046,0.59390014,0.5209091,0.06584282,0.48366052,0.51350665,0.6188128,0.5492029,0.00032925062,0.5210706,0.48938712,0.51849675,0.5658012,0.5413796,0.4595295,0.5640123,0.528358,0.54146135,0.5039805,0.44836703,0.60285753,0.48093793,0.47587427,0.46481442,0.44760555,0.37176272,0.5599111,0.48917252,0.5183922
46_1,0.52963233,0.51426077,0.6205488,0.5001444,0.45575112,0.52569234,0.41656294,0.44757307,0.45645463,0.3746649,0.4978054,0.56945103,0.4710867,0.42678103,0.77963585,0.5578575,0.55554974,0.6364676,0.44691947,0.32858866,0.38733926,0.34192026,0.4877632,0.41886574,0.5768842,0.39261404,0.4655926,0.5866807,0.5015137,0.57059246,0.47003302,0.5872468,0.67251146,0.5153659,0.531782,0.41332167,0.49045998,0.45742872,0.55484873,0.49350756,0.3729959,0.7120582,0.43376252,0.6243595,0.5524674,0.382045,0.37712434,0.71162593,0.42902324,0.32978976,0.4690522,0.5609428,0.6154583,0.41341016,0.38297683,0.53883874,0.4074505,0.52166235,0.4952149,0.52101284,0.3660493,0.43978953,0.60087776,0.6362198
47,0.00016295146,0.99985874,0.99993265,0.00017423157,0.99990666,5.0917697e-05,0.9981717,0.9985858,0.00033475537,0.0005358306,0.0007363169,0.99997234,0.00015506678,0.0005280929,0.000757998,0.00019540808,0.9999486,0.00036339185,0.9989237,0.000642884,0.00014998807,8.663916e-05,4.142624e-05,0.0005930072,0.00021915913,0.9984994,0.99849796,0.9999473,0.00030883026,7.8857134e-05,0.00023199058,0.00013776336,0.000817463,0.99944204,0.999933,0.00045588438,0.00023791753,0.99880946,0.99994946,0.9998073,0.00013999591,0.00070920965,0.0004315095,0.99995995,0.9998292,0.9985869,0.00022785574,0.0010455985,0.00012376542,0.00019541106,0.00010616168,4.49721e-05,0.00013221042,0.9981091,0.9986884,0.00010735479,0.9986908,6.1489554e-05,3.1323074e-05,6.107195e-05,0.00047398554,0.00029059246,0.99873334,0.0010265352
48,0.6293419,0.39472103,1.6985334e-07,0.5739582,0.41078687,0.48264712,0.5227557,0.5201252,0.4811902,0.51567966,0.5722673,1.3487321e-05,0.46586585,0.4973827,0.6809878,0.6190496,4.1470494e-06,0.56543696,0.5136863,0.474773,0.5248973,0.50694066,0.44602528,0.5556184,0.63467485,0.4672332,0.5457316,2.9313164e-06,0.58966154,0.61765695,0.5536135,0.5009149,0.5619464,0.4459356,0.06186225,0.5142046,0.59390014,0.5209091,0.06584282,0.48366052,0.51350665,0.6188128,0.5492029,0.00032925062,0.5210706,0.48938712,0.51849675,0.5658012,0.5413796,0.4595295,0.5640123,0.528358,0.54146135,0.5039805,0.44836703,0.60285753,0.48093793,0.47587427,0.46481442,0.44760555,0.37176272,0.5599111,0.48917252,0.5183922
48_2,0.00016295146,0.99985874,0.99993265,0.00017423157,0.99990666,5.0917697e-05,0.9981717,0.9985858,0.00033475537,0.0005358306,0.0007363169,0.99997234,0.00015506678,0.0005280929,0.000757998,0.00019540808,0.9999486,0.00036339185,0.9989237,0.000642884,0.00014998807,8.663916e-05,4.142624e-05,0.0005930072,0.00021915913,0.9984994,0.99849796,0.9999473,0.00030883026,7.8857134e-05,0.00023199058,0.00013776336,0.000817463,0.99944204,0.999933,0.00045588438,0.00023791753,0.99880946,0.99994946,0.9998073,0.00013999591,0.00070920965,0.0004315095,0.99995995,0.9998292,0.9985869,0.00022785574,0.0010455985,0.00012376542,0.00019541106,0.00010616168,4.49721e-05,0.00013221042,0.9981091,0.9986884,0.00010735479,0.9986908,6.1489554e-05,3.1323074e-05,6.107195e-05,0.00047398554,0.00029059246,0.99873334,0.0010265352
49,0.9999995,0.9999994,0.9999994,6.177672e-07,0.9999995,4.600868e-07,5.0904134e-07,5.009167e-07,4.811677e-07,0.9999994,5.5219516e-07,0.9999994,5.5147785e-07,0.9999995,6.286894e-07,4.888247e-07,0.9999994,0.9999995,0.9999995,0.9999995,0.99999964,4.035638e-07,0.9999995,5.032635e-07,4.6966167e-07,4.1129934e-07,4.4002093e-07,4.2462457e-07,5.5373977e-07,5.6016023e-07,4.5533588e-07,0.9999995,4.9953377e-07,4.5112463e-07,3.8525332e-07,3.991814e-07,0.9999995,0.9999995,0.9999994,0.9999994,0.9999995,5.4200405e-07,5.359711e-07,5.5274626e-07,0.9999995,0.9999995,4.9702044e-07,4.961936e-07,4.3366694e-07,0.9999995,4.7551066e-07,4.764444e-07,0.9999995,0.9999994,0.9999995,5.146112e-07,0.9999995,5.319888e-07,0.9999995,0.9999994,0.9999995,4.711605e-07,0.9999995,4.6360637e-07
50,0.6293419,0.39472103,1.6985334e-07,0.5739582,0.41078687,0.48264712,0.5227557,0.5201252,0.4811902,0.51567966,0.5722673,1.3487321e-05,0.46586585,0.4973827,0.6809878,0.6190496,4.1470494e-06,0.56543696,0.5136863,0.474773,0.5248973,0.50694066,0.44602528,0.5556184,0.63467485,0.4672332,0.5457316,2.9313164e-06,0.58966154,0.61765695,0.5536135,0.5009149,0.5619464,0.4459356,0.06186225,0.5142046,0.59390014,0.5209091,0.06584282,0.48366052,0.51350665,0.6188128,0.5492029,0.00032925062,0.5210706,0.48938712,0.51849675,0.5658012,0.5413796,0.4595295,0.5640123,0.528358,0.54146135,0.5039805,0.44836703,0.60285753,0.48093793,0.47587427,0.46481442,0.44760555,0.37176272,0.5599111,0.48917252,0.5183922
50_3,0.9999995,0.9999994,0.9999994,6.177672e-07,0.9999995,4.600868e-07,5.0904134e-07,5.009167e-07,4.811677e-07,0.9999994,5.5219516e-07,0.9999994,5.5147785e-07,0.9999995,6.286894e-07,4.888247e-07,0.9999994,0.9999995,0.9999995,0.9999995,0.99999964,4.035638e-07,0.9999995,5.032635e-07,4.6966167e-07,4.1129934e-07,4.4002093e-07,4.2462457e-07,5.5373977e-07,5.6016023e-07,4.5533588e-07,0.9999995,4.9953377e-07,4.5112463e-07,3.8525332e-07,3.991814e-07,0.9999995,0.9999995,0.9999994,0.9999994,0.9999995,5.4200405e-07,5.359711e-07,5.5274626e-07,0.9999995,0.9999995,4.9702044e-07,4.961936e-07,4.3366694e-07,0.9999995,4.7551066e-07,4.764444e-07,0.9999995,0.9999994,0.9999995,5.146112e-07,0.9999995,5.319888e-07,0.9999995,0.9999994,0.9999995,4.711605e-07,0.9999995,4.6360637e-07
51,4.8434714e-07,0.99999964,0.9999994,5.432113e-07,0.9999995,0.9999994,4.074709e-07,5.386582e-07,0.9999995,0.9999994,0.9999995,0.9999994,4.3390028e-07,0.9999995,4.942525e-07,4.6489433e-07,0.9999995,0.9999995,0.9999995,4.960748e-07,3.8275684e-07,0.9999995,0.9999995,0.99999964,5.460295e-07,0.9999995,4.4017915e-07,0.9999995,4.8662184e-07,4.3630027e-07,4.803882e-07,4.466967e-07,4.717198e-07,4.4264132e-07,3.6084572e-07,0.9999995,5.157826e-07,0.99999964,0.9999995,4.5103218e-07,0.9999995,0.9999995,6.415522e-07,0.99999964,0.9999995,0.9999995,4.5977666e-07,0.9999995,0.9999994,3.928158e-07,5.038383e-07,0.9999995,3.8590565e-07,4.919661e-07,0.9999995,5.630492e-07,0.9999995,3.9079396e-07,3.7693275e-07,0.9999995,0.9999995,0.9999995,4.148016e-07,0.9999995
52,0.6293419,0.39472103,1.6985334e-07,0.5739582,0.41078687,0.48264712,0.5227557,0.5201252,0.4811902,0.51567966,0.5722673,1.3487321e-05,0.46586585,0.4973827,0.6809878,0.6190496,4.1470494e-06,0.56543696,0.5136863,0.474773,0.5248973,0.50694066,0.44602528,0.5556184,0.63467485,0.4672332,0.5457316,2.9313164e-06,0.58966154,0.61765695,0.5536135,0.5009149,0.5619464,0.4459356,0.06186225,0.5142046,0.59390014,0.5209091,0.06584282,0.48366052,0.51350665,0.6188128,0.5492029,0.00032925062,0.5210706,0.48938712,0.51849675,0.5658012,0.5413796,0.4595295,0.5640123,0.528358,0.54146135,0.5039805,0.44836703,0.60285753,0.48093793,0.47587427,0.46481442,0.44760555,0.37176272,0.5599111,0.48917252,0.5183922
52_4,4.8434714e-07,0.99999964,0.9999994,5.432113e-07,0.9999995,0.9999994,4.074709e-07,5.386582e-07,0.9999995,0.9999994,0.9999995,0.9999994,4.3390028e-07,0.9999995,4.942525e-07,4.6489433e-07,0.9999995,0.9999995,0.9999995,4.960748e-07,3.8275684e-07,0.9999995,0.9999995,0.99999964,5.460295e-07,0.9999995,4.4017915e-07,0.9999995,4.8662184e-07,4.3630027e-07,4.803882e-07,4.466967e-07,4.717198e-07,4.4264132e-07,3.6084572e-07,0.9999995,5.157826e-07,0.99999964,0.9999995,4.5103218e-07,0.9999995,0.9999995,6.415522e-07,0.99999964,0.9999995,0.9999995,4.5977666e-07,0.9999995,0.9999994,3.928158e-07,5.038383e-07,0.9999995,3.8590565e-07,4.919661e-07,0.9999995,5.630492e-07,0.9999995,3.9079396e-07,3.7693275e-07,0.9999995,0.9999995,0.9999995,4.148016e-07,0.9999995
53,4.198597e-07,0.9999995,0.9999995,5.771155e-07,0.9999994,0.9999995,5.802119e-07,4.9764037e-07,0.9999995,4.235229e-07,0.99999964,0.99999964,0.9999994,4.6958817e-07,5.646796e-07,5.8873826e-07,0.9999995,3.8417284e-07,4.433363e-07,0.9999995,4.550884e-07,0.9999995,0.9999994,5.179292e-07,5.5194243e-07,4.558242e-07,4.289863e-07,3.390207e-07,0.9999995,0.9999995,3.767746e-07,0.9999994,5.593648e-07,0.9999995,0.9999994,0.9999995,5.0692387e-07,4.787783e-07,3.7181903e-07,4.234219e-07,3.8864167e-07,5.2983796e-07,5.4805054e-07,5.2900134e-07,0.9999995,0.9999995,0.99999964,0.9999995,4.9580757e-07,3.9729537e-07,4.3980612e-07,3.8913936e-07,4.5958637e-07,0.99999964,0.9999995,4.837715e-07,0.9999995,0.99999964,0.9999995,3.9522672e-07,0.9999995,4.5016196e-07,0.9999994,4.1397922e-07
54,0.6293419,0.39472103,1.6985334e-07,0.5739582,0.41078687,0.48264712,0.5227557,0.5201252,0.4811902,0.51567966,0.5722673,1.3487321e-05,0.46586585,0.4973827,0.6809878,0.6190496,4.1470494e-06,0.56543696,0.5136863,0.474773,0.5248973,0.50694066,0.44602528,0.5556184,0.63467485,0.4672332,0.5457316,2.9313164e-06,0.58966154,0.61765695,0.5536135,0.5009149,0.5619464,0.4459356,0.06186225,0.5142046,0.59390014,0.5209091,0.06584282,0.48366052,0.51350665,0.6188128,0.5492029,0.00032925062,0.5210706,0.48938712,0.51849675,0.5658012,0.5413796,0.4595295,0.5640123,0.528358,0.54146135,0.5039805,0.44836703,0.60285753,0.48093793,0.47587427,0.46481442,0.44760555,0.37176272,0.5599111,0.48917252,0.5183922
54_5,4.198597e-07,0.9999995,0.9999995,5.771155e-07,0.9999994,0.9999995,5.802119e-07,4.9764037e-07,0.9999995,4.235229e-07,0.99999964,0.99999964,0.9999994,4.6958817e-07,5.646796e-07,5.8873826e-07,0.9999995,3.8417284e-07,4.433363e-07,0.9999995,4.550884e-07,0.9999995,0.9999994,5.179292e-07,5.5194243e-07,4.558242e-07,4.289863e-07,3.390207e-07,0.9999995,0.9999995,3.767746e-07,0.9999994,5.593648e-07,0.9999995,0.9999994,0.9999995,5.0692387e-07,4.787783e-07,3.7181903e-07,4.234219e-07,3.8864167e-07,5.2983796e-07,5.4805054e-07,5.2900134e-07,0.9999995,0.9999995,0.99999964,0.9999995,4.9580757e-07,3.9729537e-07,4.3980612e-07,3.8913936e-07,4.5958637e-07,0.99999964,0.9999995,4.837715e-07,0.9999995,0.99999964,0.9999995,3.9522672e-07,0.9999995,4.5016196e-07,0.9999994,4.1397922e-07
55,5.1131013e-07,0.9999994,0.9999994,0.99999964,0.9999994,0.9999995,5.557146e-07,0.99999964,0.9999994,0.9999995,3.81333e-07,3.608939e-07,0.9999995,0.9999995,0.99999964,4.6823368e-07,0.9999995,0.99999964,0.9999995,0.9999995,0.9999995,0.9999995,0.99999964,4.43571e-07,4.863815e-07,0.9999995,5.191759e-07,4.0234252e-07,4.0889017e-07,6.644636e-07,5.6627374e-07,0.9999995,4.578361e-07,3.911243e-07,0.9999995,5.523948e-07,4.1522784e-07,0.99999964,3.4476923e-07,0.9999995,0.9999995,4.819852e-07,5.1575745e-07,4.517851e-07,4.6813005e-07,0.9999995,4.113986e-07,4.0940054e-07,4.412164e-07,0.9999995,4.2710525e-07,3.7779645e-07,4.3849985e-07,4.4164076e-07,4.83374e-07,5.864486e-07,4.707383e-07,0.9999995,0.99999964,0.9999995,0.9999994,4.561534e-07,4.3792437e-07,0.9999995
56,0.6293419,0.39472103,1.6985334e-07,0.5739582,0.41078687,0.48264712,0.5227557,0.5201252,0.4811902,0.51567966,0.5722673,1.3487321e-05,0.46586585,0.4973827,0.6809878,0.6190496,4.1470494e-06,0.56543696,0.5136863,0.474773,0.5248973,0.50694066,0.44602528,0.5556184,0.63467485,0.4672332,0.5457316,2.9313164e-06,0.58966154,0.61765695,0.5536135,0.5009149,0.5619464,0.4459356,0.06186225,0.5142046,0.59390014,0.5209091,0.06584282,0.48366052,0.51350665,0.6188128,0.5492029,0.00032925062,0.5210706,0.48938712,0.51849675,0.5658012,0.5413796,0.4595295,0.5640123,0.528358,0.54146135,0.5039805,0.44836703,0.60285753,0.48093793,0.47587427,0.46481442,0.44760555,0.37176272,0.5599111,0.48917252,0.5183922
56_6,5.1131013e-07,0.9999994,0.9999994,0.99999964,0.9999994,0.9999995,5.557146e-07,0.99999964,0.9999994,0.9999995,3.81333e-07,3.608939e-07,0.9999995,0.9999995,0.99999964,4.6823368e-07,0.9999995,0.99999964,0.9999995,0.9999995,0.9999995,0.9999995,0.99999964,4.43571e-07,4.863815e-07,0.9999995,5.191759e-07,4.0234252e-07,4.0889017e-07,6.644636e-07,5.6627374e-07,0.9999995,4.578361e-07,3.911243e-07,0.9999995,5.523948e-07,4.1522784e-07,0.99999964,3.4476923e-07,0.9999995,0.9999995,4.819852e-07,5.1575745e-07,4.517851e-07,4.6813005e-07,0.9999995,4.113986e-07,4.0940054e-07,4.412164e-07,0.9999995,4.2710525e-07,3.7779645e-07,4.3849985e-07,4.4164076e-07,4.83374e-07,5.864486e-07,4.707383e-07,0.9999995,0.99999964,0.9999995,0.9999994,4.561534e-07,4.3792437e-07,0.9999995
57,0.9999999,9.62601e-08,7.448186e-08,0.9999999,7.758845e-08,1.06670186e-07,8.8440785e-08,9.9860685e-08,0.9999999,0.9999999,0.9999999,0.9999999,0.9999999,0.9999999,1.2159693e-07,8.879998e-08,0.9999999,8.94374e-08,0.9999999,0.9999999,9.61599e-08,0.9999999,0.9999999,0.9999999,1.10591365e-07,0.9999999,1.0336837e-07,0.9999999,1.1060087e-07,0.9999999,0.9999999,9.1551364e-08,8.9406356e-08,0.9999999,0.9999999,1.0395877e-07,1.13113174e-07,1.09626356e-07,0.9999999,0.9999999,9.5275006e-08,9.3881134e-08,8.4294264e-08,1.1473864e-07,0.9999999,0.9999999,0.9999999,8.346092e-08,9.776329e-08,0.9999999,1.1978437e-07,9.697863e-08,0.9999999,9.031854e-08,0.9999999,1.2228374e-07,0.9999999,8.862755e-08,1.0566681e-07,1.0709238e-07,0.9999999,0.9999999,0.9999999,1.2495008e-07
58,0.52963233,0.51426077,0.6205488,0.5001444,0.45575112,0.52569234,0.41656294,0.44757307,0.45645463,0.3746649,0.4978054,0.56945103,0.4710867,0.42678103,0.77963585,0.5578575,0.55554974,0.6364676,0.44691947,0.32858866,0.38733926,0.34192026,0.4877632,0.41886574,0.5768842,0.39261404,0.4655926,0.5866807,0.5015137,0.57059246,0.47003302,0.5872468,0.67251146,0.5153659,0.531782,0.41332167,0.49045998,0.45742872,0.55484873,0.49350756,0.3729959,0.7120582,0.43376252,0.6243595,0.5524674,0.382045,0.37712434,0.71162593,0.42902324,0.32978976,0.4690522,0.5609428,0.6154583,0.41341016,0.38297683,0.53883874,0.4074505,0.52166235,0.4952149,0.52101284,0.3660493,0.43978953,0.60087776,0.6362198
58_0,0.9999999,9.62601e-08,7.448186e-08,0.9999999,7.758845e-08,1.06670186e-07,8.8440785e-08,9.9860685e-08,0.9999999,0.9999999,0.9999999,0.9999999,0.9999999,0.9999999,1.2159693e-07,8.879998e-08,0.9999999,8.94374e-08,0.9999999,0.9999999,9.61599e-08,0.9999999,0.9999999,0.9999999,1.10591365e-07,0.9999999,1.0336837e-07,0.9999999,1.1060087e-07,0.9999999,0.9999999,9.1551364e-08,8.9406356e-08,0.9999999,0.9999999,1.0395877e-07,1.13113174e-07,1.09626356e-07,0.9999999,0.9999999,9.5275006e-08,9.3881134e-08,8.4294264e-08,1.1473864e-07,0.9999999,0.9999999,0.9999999,8.346092e-08,9.776329e-08,0.9999999,1.1978437e-07,9.697863e-08,0.9999999,9.031854e-08,0.9999999,1.2228374e-07,0.9999999,8.862755e-08,1.0566681e-07,1.0709238e-07,0.9999999,0.9999999,0.9999999,1.2495008e-07
59,7.043627e-08,1.0,0.9999999,6.274359e-08,0.9999999,1.0,7.981841e-08,6.508391e-08,0.9999999,5.4729888e-08,5.5569497e-08,1.0,0.9999999,6.436518e-08,0.9999999,6.61733e-08,0.9999999,0.9999999,6.0625204e-08,6.780603e-08,7.2222655e-08,8.0935536e-08,1.0,6.856004e-08,6.5672616e-08,6.4125985e-08,7.6795466e-08,0.9999999,5.8688723e-08,8.142281e-08,6.714465e-08,0.9999999,1.0,0.9999999,1.0,7.496058e-08,7.6316965e-08,5.0125173e-08,0.9999999,1.0,7.5387284e-08,0.9999999,7.080251e-08,1.0,1.0,7.272707e-08,7.2310876e-08,0.9999999,6.599331e-08,6.208372e-08,7.443599e-08,1.0,0.9999999,6.3554545e-08,7.139104e-08,7.2605246e-08,6.923299e-08,1.0,1.0,0.9999999,1.0,6.541933e-08,0.9999999,0.9999999
60,0.52963233,0.51426077,0.6205488,0.5001444,0.45575112,0.52569234,0.41656294,0.44757307,0.45645463,0.3746649,0.4978054,0.56945103,0.4710867,0.42678103,0.77963585,0.5578575,0.55554974,0.6364676,0.44691947,0.32858866,0.38733926,0.34192026,0.4877632,0.41886574,0.5768842,0.39261404,0.4655926,0.5866807,0.5015137,0.57059246,0.47003302,0.5872468,0.67251146,0.5153659,0.531782,0.41332167,0.49045998,0.45742872,0.55484873,0.49350756,0.3729959,0.7120582,0.43376252,0.6243595,0.5524674,0.382045,0.37712434,0.71162593,0.42902324,0.32978976,0.4690522,0.5609428,0.6154583,0.41341016,0.38297683,0.53883874,0.4074505,0.52166235,0.4952149,0.52101284,0.3660493,0.43978953,0.60087776,0.6362198
60_1,7.043627e-08,1.0,0.9999999,6.274359e-08,0.9999999,1.0,7.981841e-08,6.508391e-08,0.9999999,5.4729888e-08,5.5569497e-08,1.0,0.9999999,6.436518e-08,0.9999999,6.61733e-08,0.9999999,0.9999999,6.0625204e-08,6.780603e-08,7.2222655e-08,8.0935536e-08,1.0,6.856004e-08,6.5672616e-08,6.4125985e-08,7.6795466e-08,0.9999999,5.8688723e-08,8.142281e-08,6.714465e-08,0.9999999,1.0,0.9999999,1.0,7.496058e-08,7.6316965e-08,5.0125173e-08,0.9999999,1.0,7.5387284e-08,0.9999999,7.080251e-08,1.0,1.0,7.272707e-08,7.2310876e-08,0.9999999,6.599331e-08,6.208372e-08,7.443599e-08,1.0,0.9999999,6.3554545e-08,7.139104e-08,7.2605246e-08,6.923299e-08,1.0,1.0,0.9999999,1.0,6.541933e-08,0.9999999,0.9999999
61,0.506473,0.54127175,0.6561502,0.5148614,0.41814816,0.47894758,0.44369262,0.4809182,0.38401183,0.32194504,0.4342531,0.58529645,0.33868888,0.38921595,0.7184558,0.55936235,0.6232177,0.55153865,0.48622194,0.3242261,0.407292,0.32147098,0.44667774,0.38170642,0.6265952,0.43432748,0.4747374,0.64437884,0.48212773,0.6028148,0.47076496,0.5314116,0.6240766,0.5048183,0.5127056,0.4160117,0.43284917,0.4541369,0.6104911,0.44955096,0.28606942,0.6899542,0.46969426,0.70861804,0.57277185,0.3619926,0.3221247,0.6304227,0.4324819,0.33691558,0.50623405,0.50272286,0.55934227,0.46879467,0.36271986,0.58563536,0.41495392,0.50744593,0.48321003,0.42082813,0.34341368,0.39414987,0.6067557,0.5981845
62,0.52963233,0.51426077,0.6205488,0.5001444,0.45575112,0.52569234,0.41656294,0.44757307,0.45645463,0.3746649,0.4978054,0.56945103,0.4710867,0.42678103,0.77963585,0.5578575,0.55554974,0.6364676,0.44691947,0.32858866,0.38733926,0.34192026,0.4877632,0.41886574,0.5768842,0.39261404,0.4655926,0.5866807,0.5015137,0.57059246,0.47003302,0.5872468,0.67251146,0.5153659,0.531782,0.41332167,0.49045998,0.45742872,0.55484873,0.49350756,0.3729959,0.7120582,0.43376252,0.6243595,0.5524674,0.382045,0.37712434,0.71162593,0.42902324,0.32978976,0.4690522,0.5609428,0.6154583,0.41341016,0.38297683,0.53883874,0.4074505,0.52166235,0.4952149,0.52101284,0.3660493,0.43978953,0.60087776,0.6362198
62_2,0.506473,0.54127175,0.6561502,0.5148614,0.41814816,0.47894758,0.44369262,0.4809182,0.38401183,0.32194504,0.4342531,0.58529645,0.33868888,0.38921595,0.7184558,0.55936235,0.6232177,0.55153865,0.48622194,0.3242261,0.407292,0.32147098,0.44667774,0.38170642,0.6265952,0.43432748,0.4747374,0.64437884,0.48212773,0.6028148,0.47076496,0.5314116,0.6240766,0.5048183,0.5127056,0.4160117,0.43284917,0.4541369,0.6104911,0.44955096,0.28606942,0.6899542,0.46969426,0.70861804,0.57277185,0.3619926,0.3221247,0.6304227,0.4324819,0.33691558,0.50623405,0.50272286,0.55934227,0.46879467,0.36271986,0.58563536,0.41495392,0.50744593,0.48321003,0.42082813,0.34341368,0.39414987,0.6067557,0.5981845
63,0.9999999,0.99999976,0.99999976,1.8085674e-07,0.99999976,2.0150377e-07,1.9806122e-07,1.7112578e-07,1.7877748e-07,0.99999976,1.9988684e-07,0.99999976,1.6815731e-07,0.9999999,2.3088909e-07,2.1268491e-07,0.99999976,0.99999976,0.9999999,0.99999976,0.99999976,1.5836679e-07,0.99999976,1.8715916e-07,1.8817788e-07,1.7843257e-07,1.78412e-07,1.7127583e-07,1.8711276e-07,1.7708791e-07,1.9197611e-07,0.9999999,1.661738e-07,1.7763577e-07,1.5737523e-07,1.5982974e-07,0.9999999,0.99999976,0.99999976,0.99999976,0.9999999,1.9033216e-07,2.1354401e-07,2.1311068e-07,0.99999976,0.99999976,1.7677068e-07,2.090922e-07,1.9022762e-07,0.9999999,1.6503432e-07,2.0265776e-07,0.9999999,0.99999976,0.99999976,1.8564795e-07,0.9999999,2.0873397e-07,0.9999999,0.99999976,0.99999976,1.8965883e-07,0.99999976,1.5960552e-07
64,0.52963233,0.51426077,0.6205488,0.5001444,0.45575112,0.52569234,0.41656294,0.44757307,0.45645463,0.3746649,0.4978054,0.56945103,0.4710867,0.42678103,0.77963585,0.5578575,0.55554974,0.6364676,0.44691947,0.32858866,0.38733926,0.34192026,0.4877632,0.41886574,0.5768842,0.39261404,0.4655926,0.5866807,0.5015137,0.57059246,0.47003302,0.5872468,0.67251146,0.5153659,0.531782,0.41332167,0.49045998,0.45742872,0.55484873,0.49350756,0.3729959,0.7120582,0.43376252,0.6243595,0.5524674,0.382045,0.37712434,0.71162593,0.42902324,0.32978976,0.4690522,0.5609428,0.6154583,0.41341016,0.38297683,0.53883874,0.4074505,0.52166235,0.4952149,0.52101284,0.3660493,0.43978953,0.60087776,0.6362198
64_3,0.9999999,0.99999976,0.99999976,1.8085674e-07,0.99999976,2.0150377e-07,1.9806122e-07,1.7112578e-07,1.7877748e-07,0.99999976,1.9988684e-07,0.99999976,1.6815731e-07,0.9999999,2.3088909e-07,2.1268491e-07,0.99999976,0.99999976,0.9999999,0.99999976,0.99999976,1.5836679e-07,0.99999976,1.8715916e-07,1.8817788e-07,1.7843257e-07,1.78412e-07,1.7127583e-07,1.8711276e-07,1.7708791e-07,1.9197611e-07,0.9999999,1.661738e-07,1.7763577e-07,1.5737523e-07,1.5982974e-07,0.9999999,0.99999976,0.99999976,0.99999976,0.9999999,1.9033216e-07,2.1354401e-07,2.1311068e-07,0.99999976,0.99999976,1.7677068e-07,2.090922e-07,1.9022762e-07,0.9999999,1.6503432e-07,2.0265776e-07,0.9999999,0.99999976,0.99999976,1.8564795e-07,0.9999999,2.0873397e-07,0.9999999,0.99999976,0.99999976,1.8965883e-07,0.99999976,1.5960552e-07
65,1.964766e-07,0.9999999,0.99999976,2.0887157e-07,0.9999999,0.99999976,1.7949468e-07,1.872004e-07,0.9999999,0.99999976,0.9999999,0.99999976,1.4485411e-07,0.99999976,1.9207756e-07,1.6057378e-07,0.99999976,0.9999999,0.99999976,1.718975e-07,1.4859856e-07,0.9999999,0.99999976,0.9999999,2.2836285e-07,0.9999999,1.753285e-07,0.99999976,2.0823653e-07,1.5011193e-07,1.843157e-07,1.9385692e-07,1.4933488e-07,1.3223135e-07,1.5960141e-07,0.9999999,1.8630384e-07,0.99999976,0.9999999,1.6707735e-07,0.99999976,0.99999976,1.9288782e-07,0.9999999,0.99999976,0.9999999,1.6482953e-07,0.99999976,0.9999999,1.7301868e-07,1.8296141e-07,0.99999976,1.5111033e-07,1.9943462e-07,0.9999999,2.594332e-07,0.99999976,1.8187534e-07,1.5562573e-07,0.99999976,0.99999976,0.9999999,1.7258196e-07,0.99999976
66,0.52963233,0.51426077,0.6205488,0.5001444,0.45575112,0.52569234,0.41656294,0.44757307,0.45645463,0.3746649,0.4978054,0.56945103,0.4710867,0.42678103,0.77963585,0.5578575,0.55554974,0.6364676,0.44691947,0.32858866,0.38733926,0.34192026,0.4877632,0.41886574,0.5768842,0.39261404,0.4655926,0.5866807,0.5015137,0.57059246,0.47003302,0.5872468,0.67251146,0.5153659,0.531782,0.41332167,0.49045998,0.45742872,0.55484873,0.49350756,0.3729959,0.7120582,0.43376252,0.6243595,0.5524674,0.382045,0.37712434,0.71162593,0.42902324,0.32978976,0.4690522,0.5609428,0.6154583,0.41341016,0.38297683,0.53883874,0.4074505,0.52166235,0.4952149,0.52101284,0.3660493,0.43978953,0.60087776,0.6362198
66_4,1.964766e-07,0.9999999,0.99999976,2.0887157e-07,0.9999999,0.99999976,1.7949468e-07,1.872004e-07,0.9999999,0.99999976,0.9999999,0.99999976,1.4485411e-07,0.99999976,1.9207756e-07,1.6057378e-07,0.99999976,0.9999999,0.99999976,1.718975e-07,1.4859856e-07,0.9999999,0.99999976,0.9999999,2.2836285e-07,0.9999999,1.753285e-07,0.99999976,2.0823653e-07,1.5011193e-07,1.843157e-07,1.9385692e-07,1.4933488e-07,1.3223135e-07,1.5960141e-07,0.9999999,1.8630384e-07,0.99999976,0.9999999,1.6707735e-07,0.99999976,0.99999976,1.9288782e-07,0.9999999,0.99999976,0.9999999,1.6482953e-07,0.99999976,0.9999999,1.7301868e-07,1.8296141e-07,0.99999976,1.5111033e-07,1.9943462e-07,0.9999999,2.594332e-07,0.99999976,1.8187534e-07,1.5562573e-07,0.99999976,0.99999976,0.9999999,1.7258196e-07,0.99999976
67,1.6115722e-07,0.99999976,0.99999976,2.1339397e-07,0.99999976,0.99999976,1.8981336e-07,1.5967997e-07,0.99999976,1.5088554e-07,0.9999999,0.9999999,0.99999976,1.6857767e-07,2.1499832e-07,2.30294e-07,0.99999976,1.6447575e-07,1.6335119e-07,0.99999976,1.587206e-07,0.99999976,0.99999976,1.6907275e-07,1.8944787e-07,1.6962655e-07,2.2126089e-07,1.5104966e-07,0.9999999,0.9999999,1.6912018e-07,0.99999976,2.1976693e-07,0.99999976,0.99999976,0.99999976,1.7581456e-07,2.1067707e-07,1.696989e-07,1.4177736e-07,1.7255036e-07,1.6941526e-07,1.8443421e-07,1.8050781e-07,0.9999999,0.99999976,0.9999999,0.9999999,2.0861198e-07,1.5258117e-07,1.9565368e-07,1.6875188e-07,1.5482944e-07,0.9999999,0.9999999,1.8370588e-07,0.99999976,0.9999999,0.99999976,1.6234205e-07,0.99999976,2.1771675e-07,0.99999976,1.8649244e-07
68,0.52963233,0.51426077,0.6205488,0.5001444,0.45575112,0.52569234,0.41656294,0.44757307,0.45645463,0.3746649,0.4978054,0.56945103,0.4710867,0.42678103,0.77963585,0.5578575,0.55554974,0.6364676,0.44691947,0.32858866,0.38733926,0.34192026,0.4877632,0.41886574,0.5768842,0.39261404,0.4655926,0.5866807,0.5015137,0.57059246,0.47003302,0.5872468,0.67251146,0.5153659,0.531782,0.41332167,0.49045998,0.45742872,0.55484873,0.49350756,0.3729959,0.7120582,0.43376252,0.6243595,0.5524674,0.382045,0.37712434,0.71162593,0.42902324,0.32978976,0.4690522,0.5609428,0.6154583,0.41341016,0.38297683,0.53883874,0.4074505,0.52166235,0.4952149,0.52101284,0.3660493,0.43978953,0.60087776,0.6362198
68_5,1.6115722e-07,0.99999976,0.99999976,2.1339397e-07,0.99999976,0.99999976,1.8981336e-07,1.5967997e-07,0.99999976,1.5088554e-07,0.9999999,0.9999999,0.99999976,1.6857767e-07,2.1499832e-07,2.30294e-07,0.99999976,1.6447575e-07,1.6335119e-07,0.99999976,1.587206e-07,0.99999976,0.99999976,1.6907275e-07,1.8944787e-07,1.6962655e-07,2.2126089e-07,1.5104966e-07,0.9999999,0.9999999,1.6912018e-07,0.99999976,2.1976693e-07,0.99999976,0.99999976,0.99999976,1.7581456e-07,2.1067707e-07,1.696989e-07,1.4177736e-07,1.7255036e-07,1.6941526e-07,1.8443421e-07,1.8050781e-07,0.9999999,0.99999976,0.9999999,0.9999999,2.0861198e-07,1.5258117e-07,1.9565368e-07,1.6875188e-07,1.5482944e-07,0.9999999,0.9999999,1.8370588e-07,0.99999976,0.9999999,0.99999976,1.6234205e-07,0.99999976,2.1771675e-07,0.99999976,1.8649244e-07
69,2.200637e-07,0.99999976,0.99999976,0.9999999,0.99999976,0.9999999,1.723877e-07,0.9999999,0.99999976,0.99999976,1.5907064e-07,1.5622201e-07,0.9999999,0.99999976,0.9999999,1.9206016e-07,0.99999976,0.9999999,0.99999976,0.99999976,0.9999999,0.9999999,0.9999999,1.7242074e-07,2.042034e-07,0.9999999,2.0119403e-07,1.298729e-07,1.72687e-07,2.0789997e-07,1.9150616e-07,0.99999976,1.7831589e-07,1.6604723e-07,0.99999976,2.0897637e-07,1.5942875e-07,0.9999999,1.5914392e-07,0.9999999,0.9999999,1.7834445e-07,1.996489e-07,1.8448205e-07,1.5504901e-07,0.99999976,1.9321094e-07,1.8953209e-07,1.6551239e-07,0.99999976,1.7625995e-07,1.5053412e-07,1.7267135e-07,1.9138767e-07,1.7926116e-07,1.9305493e-07,1.9939755e-07,0.99999976,0.9999999,0.99999976,0.99999976,1.9112248e-07,1.5978416e-07,0.9999999
70,0.52963233,0.51426077,0.6205488,0.5001444,0.45575112,0.52569234,0.41656294,0.44757307,0.45645463,0.3746649,0.4978054,0.56945103,0.4710867,0.42678103,0.77963585,0.5578575,0.55554974,0.6364676,0.44691947,0.32858866,0.38733926,0.34192026,0.4877632,0.41886574,0.5768842,0.39261404,0.4655926,0.5866807,0.5015137,0.57059246,0.47003302,0.5872468,0.67251146,0.5153659,0.531782,0.41332167,0.49045998,0.45742872,0.55484873,0.49350756,0.3729959,0.7120582,0.43376252,0.6243595,0.5524674,0.382045,0.37712434,0.71162593,0.42902324,0.32978976,0.4690522,0.5609428,0.6154583,0.41341016,0.38297683,0.53883874,0.4074505,0.52166235,0.4952149,0.52101284,0.3660493,0.43978953,0.60087776,0.6362198
70_6,2.200637e-07,0.99999976,0.99999976,0.9999999,0.99999976,0.9999999,1.723877e-07,0.9999999,0.99999976,0.99999976,1.5907064e-07,1.5622201e-07,0.9999999,0.99999976,0.9999999,1.9206016e-07,0.99999976,0.9999999,0.99999976,0.99999976,0.9999999,0.9999999,0.9999999,1.7242074e-07,2.042034e-07,0.9999999,2.0119403e-07,1.298729e-07,1.72687e-07,2.0789997e-07,1.9150616e-07,0.99999976,1.7831589e-07,1.6604723e-07,0.99999976,2.0897637e-07,1.5942875e-07,0.9999999,1.5914392e-07,0.9999999,0.9999999,1.7834445e-07,1.996489e-07,1.8448205e-07,1.5504901e-07,0.99999976,1.9321094e-07,1.8953209e-07,1.6551239e-07,0.99999976,1.7625995e-07,1.5053412e-07,1.7267135e-07,1.9138767e-07,1.7926116e-07,1.9305493e-07,1.9939755e-07,0.99999976,0.9999999,0.99999976,0.99999976,1.9112248e-07,1.5978416e-07,0.9999999
71,0.9999999,1.2382434e-07,9.694608e-08,0.9999999,1.0294771e-07,1.3819269e-07,1.1368526e-07,1.3351499e-07,0.9999999,0.9999999,0.9999999,0.9999999,0.9999999,0.9999999,1.5101581e-07,1.1944535e-07,0.9999999,1.14315725e-07,0.9999999,0.9999999,1.2478063e-07,0.9999999,0.9999999,0.9999999,1.4658622e-07,0.9999999,1.3407885e-07,0.9999999,1.387751e-07,0.9999999,0.9999999,1.228987e-07,1.16289144e-07,0.9999999,0.9999999,1.3570993e-07,1.4928447e-07,1.3979474e-07,0.9999999,0.9999999,1.2295062e-07,1.2191683e-07,1.1213792e-07,1.4734908e-07,0.9999999,0.9999999,0.9999999,1.098388e-07,1.2801448e-07,0.9999999,1.5686695e-07,1.2268896e-07,0.9999999,1.1693684e-07,0.9999999,1.5245752e-07,0.9999999,1.1337334e-07,1.3346649e-07,1.3315412e-07,0.9999999,0.9999999,0.9999999,1.5845833e-07
72,0.506473,0.54127175,0.6561502,0.5148614,0.41814816,0.47894758,0.44369262,0.4809182,0.38401183,0.32194504,0.4342531,0.58529645,0.33868888,0.38921595,0.7184558,0.55936235,0.6232177,0.55153865,0.48622194,0.3242261,0.407292,0.32147098,0.44667774,0.38170642,0.6265952,0.43432748,0.4747374,0.64437884,0.48212773,0.6028148,0.47076496,0.5314116,0.6240766,0.5048183,0.5127056,0.4160117,0.43284917,0.4541369,0.6104911,0.44955096,0.28606942,0.6899542,0.46969426,0.70861804,0.57277185,0.3619926,0.3221247,0.6304227,0.4324819,0.33691558,0.50623405,0.50272286,0.55934227,0.46879467,0.36271986,0.58563536,0.41495392,0.50744593,0.48321003,0.42082813,0.34341368,0.39414987,0.6067557,0.5981845
72_0,0.9999999,1.2382434e-07,9.694608e-08,0.9999999,1.0294771e-07,1.3819269e-07,1.1368526e-07,1.3351499e-07,0.9999999,0.9999999,0.9999999,0.9999999,0.9999999,0.9999999,1.5101581e-07,1.1944535e-07,0.9999999,1.14315725e-07,0.9999999,0.9999999,1.2478063e-07,0.9999999,0.9999999,0.9999999,1.4658622e-07,0.9999999,1.3407885e-07,0.9999999,1.387751e-07,0.9999999,0.9999999,1.228987e-07,1.16289144e-07,0.9999999,0.9999999,1.3570993e-07,1.4928447e-07,1.3979474e-07,0.9999999,0.9999999,1.2295062e-07,1.2191683e-07,1.1213792e-07,1.4734908e-07,0.9999999,0.9999999,0.9999999,1.098388e-07,1.2801448e-07,0.9999999,1.5686695e-07,1.2268896e-07,0.9999999,1.1693684e-07,0.9999999,1.5245752e-07,0.9999999,1.1337334e-07,1.3346649e-07,1.3315412e-07,0.9999999,0.9999999,0.9999999,1.5845833e-07
73,1.4089486e-08,1.0,1.0,1.22789e-08,1.0,1.0,1.7340515e-08,1.4389783e-08,1.0,1.1820896e-08,1.07047e-08,1.0,1.0,1.3784935e-08,1.0,1.2383988e-08,1.0,1.0,1.286214e-08,1.5177086e-08,1.6087569e-08,1.7804632e-08,1.0,1.5181458e-08,1.1464659e-08,1.3810357e-08,1.6582767e-08,1.0,1.1544467e-08,1.3892205e-08,1.3000928e-08,1.0,1.0,1.0,1.0,1.5065355e-08,1.514106e-08,9.693569e-09,1.0,1.0,1.7222906e-08,1.0,1.5795255e-08,1.0,1.0,1.6542742e-08,1.592667e-08,1.0,1.3492243e-08,1.4111e-08,1.5232246e-08,1.0,1.0,1.3582899e-08,1.544467e-08,1.3625687e-08,1.5108403e-08,1.0,1.0,1.0,1.0,1.3819342e-08,1.0,1.0
74,0.506473,0.54127175,0.6561502,0.5148614,0.41814816,0.47894758,0.44369262,0.4809182,0.38401183,0.32194504,0.4342531,0.58529645,0.33868888,0.38921595,0.7184558,0.55936235,0.6232177,0.55153865,0.48622194,0.3242261,0.407292,0.32147098,0.44667774,0.38170642,0.6265952,0.43432748,0.4747374,0.64437884,0.48212773,0.6028148,0.47076496,0.5314116,0.6240766,0.5048183,0.5127056,0.4160117,0.43284917,0.4541369,0.6104911,0.44955096,0.28606942,0.6899542,0.46969426,0.70861804,0.57277185,0.3619926,0.3221247,0.6304227,0.4324819,0.33691558,0.50623405,0.50272286,0.55934227,0.46879467,0.36271986,0.58563536,0.41495392,0.50744593,0.48321003,0.42082813,0.34341368,0.39414987,0.6067557,0.5981845
74_1,1.4089486e-08,1.0,1.0,1.22789e-08,1.0,1.0,1.7340515e-08,1.4389783e-08,1.0,1.1820896e-08,1.07047e-08,1.0,1.0,1.3784935e-08,1.0,1.2383988e-08,1.0,1.0,1.286214e-08,1.5177086e-08,1.6087569e-08,1.7804632e-08,1.0,1.5181458e-08,1.1464659e-08,1.3810357e-08,1.6582767e-08,1.0,1.1544467e-08,1.3892205e-08,1.3000928e-08,1.0,1.0,1.0,1.0,1.5065355e-08,1.514106e-08,9.693569e-09,1.0,1.0,1.7222906e-08,1.0,1.5795255e-08,1.0,1.0,1.6542742e-08,1.592667e-08,1.0,1.3492243e-08,1.4111e-08,1.5232246e-08,1.0,1.0,1.3582899e-08,1.544467e-08,1.3625687e-08,1.5108403e-08,1.0,1.0,1.0,1.0,1.3819342e-08,1.0,1.0
75,0.58762133,0.46460414,0.30955815,0.5599961,0.40305182,0.48238835,0.5704118,0.5678248,0.47427586,0.44607586,0.4961772,0.36578003,0.46060726,0.47828978,0.6093276,0.5969193,0.3757881,0.5025212,0.52291816,0.4617453,0.53983575,0.4935915,0.48130086,0.5143945,0.61838704,0.52325225,0.5778792,0.3688256,0.53836733,0.5831884,0.5339669,0.4798157,0.55438817,0.46123052,0.4475545,0.5127002,0.5584839,0.5338756,0.4525378,0.49175406,0.46484992,0.5804775,0.5555578,0.49531856,0.5076271,0.4994316,0.4822507,0.5358478,0.52457535,0.44736198,0.5716373,0.522181,0.5136285,0.55862176,0.4965438,0.5952069,0.5087073,0.4995021,0.5122935,0.44344813,0.43067488,0.526329,0.50909567,0.50834394
76,0.506473,0.54127175,0.6561502,0.5148614,0.41814816,0.47894758,0.44369262,0.4809182,0.38401183,0.32194504,0.4342531,0.58529645,0.33868888,0.38921595,0.7184558,0.55936235,0.6232177,0.55153865,0.48622194,0.3242261,0.407292,0.32147098,0.44667774,0.38170642,0.6265952,0.43432748,0.4747374,0.64437884,0.48212773,0.6028148,0.47076496,0.5314116,0.6240766,0.5048183,0.5127056,0.4160117,0.43284917,0.4541369,0.6104911,0.44955096,0.28606942,0.6899542,0.46969426,0.70861804,0.57277185,0.3619926,0.3221247,0.6304227,0.4324819,0.33691558,0.50623405,0.50272286,0.55934227,0.46879467,0.36271986,0.58563536,0.41495392,0.50744593,0.48321003,0.42082813,0.34341368,0.39414987,0.6067557,0.5981845
76_2,0.58762133,0.46460414,0.30955815,0.5599961,0.40305182,0.48238835,0.5704118,0.5678248,0.47427586,0.44607586,0.4961772,0.36578003,0.46060726,0.47828978,0.6093276,0.5969193,0.3757881,0.5025212,0.52291816,0.4617453,0.53983575,0.4935915,0.48130086,0.5143945,0.61838704,0.52325225,0.5778792,0.3688256,0.53836733,0.5831884,0.5339669,0.4798157,0.55438817,0.46123052,0.4475545,0.5127002,0.5584839,0.5338756,0.4525378,0.49175406,0.46484992,0.5804775,0.5555578,0.49531856,0.5076271,0.4994316,0.4822507,0.5358478,0.52457535,0.44736198,0.5716373,0.522181,0.5136285,0.55862176,0.4965438,0.5952069,0.5087073,0.4995021,0.5122935,0.44344813,0.43067488,0.526329,0.50909567,0.50834394
77,0.99999976,0.99999964,0.99999964,2.5730407e-07,0.99999976,2.8842285e-07,2.8401493e-07,2.4207054e-07,2.5789194e-07,0.99999976,2.9054445e-07,0.99999964,2.3490514e-07,0.99999976,3.2491218e-07,3.0160976e-07,0.99999976,0.99999964,0.99999976,0.99999976,0.99999976,2.3724182e-07,0.99999976,2.6610317e-07,2.6938582e-07,2.6097345e-07,2.5201834e-07,2.5883762e-07,2.595693e-07,2.5146016e-07,2.726018e-07,0.99999976,2.2987578e-07,2.5664679e-07,2.378485e-07,2.3772671e-07,0.99999976,0.99999976,0.99999964,0.99999964,0.99999976,2.6359257e-07,3.2257745e-07,3.0734765e-07,0.99999976,0.99999964,2.4411852e-07,3.0834997e-07,2.741648e-07,0.99999976,2.3510393e-07,3.0175735e-07,0.99999976,0.99999976,0.99999964,2.7230948e-07,0.99999976,2.9968444e-07,0.99999976,0.99999964,0.99999976,2.7354426e-07,0.99999976,2.3113893e-07
78,0.506473,0.54127175,0.6561502,0.5148614,0.41814816,0.47894758,0.44369262,0.4809182,0.38401183,0.32194504,0.4342531,0.58529645,0.33868888,0.38921595,0.7184558,0.55936235,0.6232177,0.55153865,0.48622194,0.3242261,0.407292,0.32147098,0.44667774,0.38170642,0.6265952,0.43432748,0.4747374,0.64437884,0.48212773,0.6028148,0.47076496,0.5314116,0.6240766,0.5048183,0.5127056,0.4160117,0.43284917,0.4541369,0.6104911,0.44955096,0.28606942,0.6899542,0.46969426,0.70861804,0.57277185,0.3619926,0.3221247,0.6304227,0.4324819,0.33691558,0.50623405,0.50272286,0.55934227,0.46879467,0.36271986,0.58563536,0.41495392,0.50744593,0.48321003,0.42082813,0.34341368,0.39414987,0.6067557,0.5981845
78_3,0.99999976,0.99999964,0.99999964,2.5730407e-07,0.99999976,2.8842285e-07,2.8401493e-07,2.4207054e-07,2.5789194e-07,0.99999976,2.9054445e-07,0.99999964,2.3490514e-07,0.99999976,3.2491218e-07,3.0160976e-07,0.99999976,0.99999964,0.99999976,0.99999976,0.99999976,2.3724182e-07,0.99999976,2.6610317e-07,2.6938582e-07,2.6097345e-07,2.5201834e-07,2.5883762e-07,2.595693e-07,2.5146016e-07,2.726018e-07,0.99999976,2.2987578e-07,2.5664679e-07,2.378485e-07,2.3772671e-07,0.99999976,0.99999976,0.99999964,0.99999964,0.99999976,2.6359257e-07,3.2257745e-07,3.0734765e-07,0.99999976,0.99999964,2.4411852e-07,3.0834997e-07,2.741648e-07,0.99999976,2.3510393e-07,3.0175735e-07,0.99999976,0.99999976,0.99999964,2.7230948e-07,0.99999976,2.9968444e-07,0.99999976,0.99999964,0.99999976,2.7354426e-07,0.99999976,2.3113893e-07
79,2.841997e-07,0.99999976,0.99999964,2.9231097e-07,0.99999976,0.99999976,2.625812e-07,2.7021355e-07,0.99999976,0.99999976,0.99999976,0.99999964,2.087525e-07,0.99999976,2.771382e-07,2.3773035e-07,0.99999976,0.99999976,0.99999976,2.426537e-07,2.2160933e-07,0.99999976,0.99999976,0.99999976,3.2481023e-07,0.99999976,2.6547204e-07,0.99999976,3.028445e-07,2.1333598e-07,2.6043767e-07,2.7879213e-07,2.2402259e-07,1.9185806e-07,2.3130848e-07,0.99999976,2.6886096e-07,0.99999976,0.99999976,2.3996625e-07,0.99999964,0.99999976,2.7972342e-07,0.99999976,0.99999964,0.99999976,2.3346085e-07,0.99999964,0.99999976,2.5420624e-07,2.7358e-07,0.99999976,2.1359982e-07,2.7726645e-07,0.99999976,3.6629933e-07,0.99999964,2.5887417e-07,2.1888759e-07,0.99999976,0.99999964,0.99999976,2.5458522e-07,0.99999976
80,0.506473,0.54127175,0.6561502,0.5148614,0.41814816,0.47894758,0.44369262,0.4809182,0.38401183,0.32194504,0.4342531,0.58529645,0.33868888,0.38921595,0.7184558,0.55936235,0.6232177,0.55153865,0.48622194,0.3242261,0.407292,0.32147098,0.44667774,0.38170642,0.6265952,0.43432748,0.4747374,0.64437884,0.48212773,0.6028148,0.47076496,0.5314116,0.6240766,0.5048183,0.5127056,0.4160117,0.43284917,0.4541369,0.6104911,0.44955096,0.28606942,0.6899542,0.46969426,0.70861804,0.57277185,0.3619926,0.3221247,0.6304227,0.4324819,0.33691558,0.50623405,0.50272286,0.55934227,0.46879467,0.36271986,0.58563536,0.41495392,0.50744593,0.48321003,0.42082813,0.34341368,0.39414987,0.6067557,0.5981845
80_4,2.841997e-07,0.99999976,0.99999964,2.9231097e-07,0.99999976,0.99999976,2.625812e-07,2.7021355e-07,0.99999976,0.99999976,0.99999976,0.99999964,2.087525e-07,0.99999976,2.771382e-07,2.3773035e-07,0.99999976,0.99999976,0.99999976,2.426537e-07,2.2160933e-07,0.99999976,0.99999976,0.99999976,3.2481023e-07,0.99999976,2.6547204e-07,0.99999976,3.028445e-07,2.1333598e-07,2.6043767e-07,2.7879213e-07,2.2402259e-07,1.9185806e-07,2.3130848e-07,0.99999976,2.6886096e-07,0.99999976,0.99999976,2.3996625e-07,0.99999964,0.99999976,2.7972342e-07,0.99999976,0.99999964,0.99999976,2.3346085e-07,0.99999964,0.99999976,2.5420624e-07,2.7358e-07,0.99999976,2.1359982e-07,2.7726645e-07,0.99999976,3.6629933e-07,0.99999964,2.5887417e-07,2.1888759e-07,0.99999976,0.99999964,0.99999976,2.5458522e-07,0.99999976
81,2.3276677e-07,0.99999976,0.99999964,2.9987228e-07,0.99999964,0.99999964,2.5854231e-07,2.2461583e-07,0.99999964,2.1615168e-07,0.99999976,0.99999976,0.99999964,2.379667e-07,2.9728537e-07,3.142191e-07,0.99999964,2.4178766e-07,2.3939504e-07,0.99999964,2.2480592e-07,0.99999976,0.99999976,2.3744529e-07,2.6567213e-07,2.325622e-07,3.145855e-07,2.2052001e-07,0.99999976,0.99999976,2.5580914e-07,0.99999976,3.1304063e-07,0.99999976,0.99999976,0.99999964,2.49202e-07,3.034279e-07,2.4982327e-07,2.0853939e-07,2.4708095e-07,2.444209e-07,2.5775648e-07,2.6067647e-07,0.99999976,0.99999964,0.99999976,0.99999976,3.0513274e-07,2.2283619e-07,2.8475966e-07,2.4434775e-07,2.2092668e-07,0.99999976,0.99999976,2.659606e-07,0.99999976,0.99999976,0.99999976,2.3186172e-07,0.99999976,3.3164417e-07,0.99999964,2.745764e-07
82,0.506473,0.54127175,0.6561502,0.5148614,0.41814816,0.47894758,0.44369262,0.4809182,0.38401183,0.32194504,0.4342531,0.58529645,0.33868888,0.38921595,0.7184558,0.55936235,0.6232177,0.55153865,0.48622194,0.3242261,0.407292,0.32147098,0.44667774,0.38170642,0.6265952,0.43432748,0.4747374,0.64437884,0.48212773,0.6028148,0.47076496,0.5314116,0.6240766,0.5048183,0.5127056,0.4160117,0.43284917,0.4541369,0.6104911,0.44955096,0.28606942,0.6899542,0.46969426,0.70861804,0.57277185,0.3619926,0.3221247,0.6304227,0.4324819,0.33691558,0.50623405,0.50272286,0.55934227,0.46879467,0.36271986,0.58563536,0.41495392,0.50744593,0.48321003,0.42082813,0.34341368,0.39414987,0.6067557,0.5981845
82_5,2.3276677e-07,0.99999976,0.99999964,2.9987228e-07,0.99999964,0.99999964,2.5854231e-07,2.2461583e-07,0.99999964,2.1615168e-07,0.99999976,0.99999976,0.99999964,2.379667e-07,2.9728537e-07,3.142191e-07,0.99999964,2.4178766e-07,2.3939504e-07,0.99999964,2.2480592e-07,0.99999976,0.99999976,2.3744529e-07,2.6567213e-07,2.325622e-07,3.145855e-07,2.2052001e-07,0.99999976,0.99999976,2.5580914e-07,0.99999976,3.1304063e-07,0.99999976,0.99999976,0.99999964,2.49202e-07,3.034279e-07,2.4982327e-07,2.0853939e-07,2.4708095e-07,2.444209e-07,2.5775648e-07,2.6067647e-07,0.99999976,0.99999964,0.99999976,0.99999976,3.0513274e-07,2.2283619e-07,2.8475966e-07,2.4434775e-07,2.2092668e-07,0.99999976,0.99999976,2.659606e-07,0.99999976,0.99999976,0.99999976,2.3186172e-07,0.99999976,3.3164417e-07,0.99999964,2.745764e-07
83,3.136338e-07,0.99999964,0.99999964,0.99999976,0.99999964,0.99999976,2.4336887e-07,0.99999976,0.99999964,0.99999976,2.267714e-07,2.1913135e-07,0.99999976,0.99999976,0.99999976,2.7496736e-07,0.99999976,0.99999976,0.99999976,0.99999976,0.99999976,0.99999976,0.99999976,2.451226e-07,2.9203568e-07,0.99999976,2.9128273e-07,1.861085e-07,2.4424452e-07,2.9831062e-07,2.6518586e-07,0.99999976,2.5849917e-07,2.3596264e-07,0.99999976,2.9828814e-07,2.3171185e-07,0.99999976,2.4555172e-07,0.99999976,0.99999976,2.480293e-07,2.9271825e-07,2.630454e-07,2.3113141e-07,0.99999976,2.834194e-07,2.7805396e-07,2.3628513e-07,0.99999976,2.5380487e-07,2.1890283e-07,2.5352134e-07,2.6914313e-07,2.4933155e-07,2.7944188e-07,2.7946345e-07,0.99999976,0.99999976,0.99999964,0.99999976,2.7748916e-07,2.2445629e-07,0.99999976
84,0.506473,0.54127175,0.6561502,0.5148614,0.41814816,0.47894758,0.44369262,0.4809182,0.38401183,0.32194504,0.4342531,0.58529645,0.33868888,0.38921595,0.7184558,0.55936235,0.6232177,0.55153865,0.48622194,0.3242261,0.407292,0.32147098,0.44667774,0.38170642,0.6265952,0.43432748,0.4747374,0.64437884,0.48212773,0.6028148,0.47076496,0.5314116,0.6240766,0.5048183,0.5127056,0.4160117,0.43284917,0.4541369,0.6104911,0.44955096,0.28606942,0.6899542,0.46969426,0.70861804,0.57277185,0.3619926,0.3221247,0.6304227,0.4324819,0.33691558,0.50623405,0.50272286,0.55934227,0.46879467,0.36271986,0.58563536,0.41495392,0.50744593,0.48321003,0.42082813,0.34341368,0.39414987,0.6067557,0.5981845
84_6,3.136338e-07,0.99999964,0.99999964,0.99999976,0.99999964,0.99999976,2.4336887e-07,0.99999976,0.99999964,0.99999976,2.267714e-07,2.1913135e-07,0.99999976,0.99999976,0.99999976,2.7496736e-07,0.99999976,0.99999976,0.99999976,0.99999976,0.99999976,0.99999976,0.99999976,2.451226e-07,2.9203568e-07,0.99999976,2.9128273e-07,1.861085e-07,2.4424452e-07,2.9831062e-07,2.6518586e-07,0.99999976,2.5849917e-07,2.3596264e-07,0.99999976,2.9828814e-07,2.3171185e-07,0.99999976,2.4555172e-07,0.99999976,0.99999976,2.480293e-07,2.9271825e-07,2.630454e-07,2.3113141e-07,0.99999976,2.834194e-07,2.7805396e-07,2.3628513e-07,0.99999976,2.5380487e-07,2.1890283e-07,2.5352134e-07,2.6914313e-07,2.4933155e-07,2.7944188e-07,2.7946345e-07,0.99999976,0.99999976,0.99999964,0.99999976,2.7748916e-07,2.2445629e-07,0.99999976
